"Coding","Impression","Major","College","Hired","TwitterFOLLOWERS","TwitterFOLLOWING","TikTokFOLLOWERS","TikTokTFOLLOWING"
"Weak","Outgoing","IT","BYU","No",3236,7289,3489,3379
"OK","Outgoing","Stats","BestCollege","No",3128,897,426,5803
"OK","Shy","DataScience","Peters","Yes",3930,2538,3023,3688
"Excellent","Confident","Stats","Peters","Yes",2064,9034,5614,4174
"Weak","Outgoing","Stats","PJIT","No",1043,1459,7944,4237
"Weak","Outgoing","DataScience","Peters","No",6481,1785,1612,3848
"Excellent","Nerdy","Stats","BestCollege","Yes",7399,8982,3430,515
"OK","Outgoing","DataScience","PJIT","No",6876,5319,1202,9553
"Weak","Outgoing","IT","Peters","Yes",8666,3749,9524,9806
"Weak","Confident","Stats","Peters","Yes",7669,7186,8860,7692
"Weak","Nerdy","Stats","PJIT","No",1924,2883,2407,1802
"OK","Confident","DataScience","BestCollege","Yes",5355,3348,9784,9427
"Weak","Nerdy","IT","Redbrick","Yes",9487,9817,6065,8218
"Weak","Confident","CS","PJIT","No",569,920,7700,3342
"OK","Shy","IT","Redbrick","No",4958,6571,3933,9003
"Weak","Confident","CS","BestCollege","No",7197,7742,6629,9399
"Excellent","Nerdy","Stats","PJIT","Yes",9294,9104,6311,848
"OK","Outgoing","DataScience","Redbrick","Yes",9301,9347,5793,358
"Weak","Shy","CS","PJIT","No",9648,6649,4912,8764
"OK","Outgoing","Stats","BYU","No",7180,6096,1662,7689
"OK","Nerdy","Stats","Redbrick","No",5165,6727,1045,6813
"OK","Shy","IT","PJIT","Yes",8587,3687,8338,8948
"Excellent","Confident","IT","BestCollege","Yes",1502,6337,5874,3732
"Excellent","Confident","Stats","Peters","Yes",6317,8375,6547,1361
"Excellent","Shy","CS","Redbrick","Yes",6993,2573,2761,4333
"OK","Shy","CS","BestCollege","No",8594,9576,5361,4893
"Excellent","Shy","DataScience","PJIT","Yes",2715,4248,9261,3830
"OK","Outgoing","IT","BestCollege","No",3685,7010,52,2695
"OK","Shy","DataScience","Redbrick","No",8485,8876,1650,1513
"OK","Confident","Stats","Redbrick","No",7508,6094,702,5569
"Weak","Outgoing","IT","BYU","No",6949,6694,7432,8510
"OK","Nerdy","DataScience","Peters","Yes",3188,3742,6690,2324
"Weak","Nerdy","DataScience","BestCollege","No",4314,2754,4256,1270
"OK","Confident","Stats","Peters","Yes",1757,108,9297,7451
"OK","Nerdy","CS","Peters","Yes",7737,2901,1741,1147
"Excellent","Outgoing","CS","Redbrick","2684",4874,7777,2218,7042
"OK","Shy","IT","Peters","No",4529,8603,4852,3965
"OK","Nerdy","CS","BYU","Yes",4893,1002,9058,7515
"Excellent","Confident","IT","BYU","Yes",9242,3848,7567,8715
"OK","Shy","Stats","Redbrick","No",1074,9252,3627,7479
"OK","Nerdy","DataScience","BYU","Yes",6148,1773,5156,4205
"Excellent","Shy","DataScience","BestCollege","Yes",4126,3780,9943,8967
"Excellent","Confident","IT","Peters","Yes",4023,592,6245,8847
"OK","Shy","DataScience","BYU","Yes",9790,7407,6444,4932
"OK","Nerdy","IT","Redbrick","Yes",9104,7389,7624,6808
"Excellent","Nerdy","DataScience","BYU","Yes",6892,1639,3336,2050
"OK","Confident","Stats","BYU","Yes",9893,4633,3374,3245
"OK","Shy","CS","Peters","No",845,6194,427,2183
"OK","Outgoing","CS","BYU","No",1667,9391,3942,9658
"Excellent","Confident","Stats","Peters","No",4302,9014,1819,6378
"Excellent","Nerdy","IT","BYU","Yes",271,4628,7690,1818
"Weak","Shy","DataScience","PJIT","Yes",8947,4085,47,1320
"Excellent","Nerdy","CS","PJIT","No",3478,4576,1100,2423
"Weak","Nerdy","DataScience","Peters","No",5411,2700,5440,7999
"OK","Confident","DataScience","BestCollege","Yes",1388,9886,7540,3729
"Excellent","Confident","Stats","PJIT","No",6322,3429,5119,992
"Weak","Shy","IT","BYU","No",713,7701,7364,7945
"OK","Nerdy","Stats","BYU","No",861,3482,819,6483
"Weak","Outgoing","CS","PJIT","No",2860,4813,3449,6769
"OK","Nerdy","Stats","Peters","Yes",4750,6771,5513,3399
"Weak","Outgoing","CS","Redbrick","Yes",7994,1059,6154,5742
"Excellent","Nerdy","CS","Redbrick","No",3241,9853,1710,1975
"Excellent","Nerdy","Stats","PJIT","Yes",4003,4357,7795,9020
"Excellent","Nerdy","DataScience","Redbrick","No",627,8308,1049,8054
"Excellent","Shy","DataScience","Redbrick","Yes",3693,4378,7381,596
"Excellent","Nerdy","DataScience","PJIT","No",4257,3135,3026,8402
"Weak","Outgoing","CS","Peters","Yes",7378,3452,9227,6144
"OK","Shy","DataScience","BestCollege","No",1571,6522,6339,99
"OK","Nerdy","CS","Peters","No",5340,4360,3866,9564
"OK","Shy","Stats","PJIT","Yes",6269,5662,5910,7772
"Weak","Confident","Stats","BestCollege","No",4977,6954,6274,1629
"Excellent","Outgoing","IT","BestCollege","No",3685,3988,36,1998
"Excellent","Outgoing","Stats","Redbrick","No",5114,5058,862,9126
"OK","Nerdy","Stats","BestCollege","No",1424,2041,1194,795
"OK","Outgoing","DataScience","BYU","No",1243,4534,3464,7593
"OK","Shy","DataScience","PJIT","No",7608,9801,2990,7173
"OK","Shy","CS","Peters","No",4101,9613,186,8554
"Weak","Nerdy","IT","Redbrick","No",3348,7617,3546,3463
"Excellent","Confident","CS","Redbrick","Yes",3330,3776,6497,6869
"Weak","Nerdy","DataScience","Redbrick","Yes",7788,4399,5519,4386
"OK","Outgoing","DataScience","PJIT","Yes",6528,8181,9119,8644
"Weak","Outgoing","DataScience","Redbrick","No",326,9985,8477,692
"OK","Outgoing","IT","Peters","Yes",3430,4086,1782,41
"Excellent","Shy","DataScience","BYU","Yes",2269,5263,5620,1751
"Weak","Outgoing","CS","BestCollege","Yes",570,2093,9913,4037
"OK","Nerdy","DataScience","BestCollege","No",5508,2258,7176,8937
"Excellent","Confident","DataScience","Peters","No",8863,843,293,9158
"Weak","Confident","CS","Peters","Yes",8498,2407,3495,8383
"Excellent","Nerdy","IT","Peters","Yes",8471,4231,4554,8511
"Weak","Confident","IT","BestCollege","Yes",8530,3631,9996,1978
"Excellent","Shy","Stats","BestCollege","Yes",940,3269,9027,3968
"OK","Shy","Stats","BYU","Yes",8537,3479,5190,2528
"Excellent","Shy","IT","BestCollege","No",8633,9377,1732,7347
"Weak","Outgoing","DataScience","BestCollege","No",5984,7666,6113,2538
"OK","Confident","CS","Redbrick","No",5164,6093,341,3168
"Weak","Shy","CS","PJIT","No",1074,3102,5442,5397
"Weak","Confident","Stats","Peters","No",1277,7548,5644,5470
"Excellent","Shy","CS","Redbrick","Yes",123,2347,5497,3158
"Weak","Outgoing","Stats","BYU","No",7364,6816,4416,5632
"Weak","Confident","DataScience","BestCollege","Yes",5567,3928,7960,3643
"Weak","Nerdy","IT","PJIT","No",5069,1075,3312,4442
"Weak","Outgoing","CS","BestCollege","No",1124,3885,351,3095
"Weak","Nerdy","CS","BYU","No",1260,1170,1410,8987
"Weak","Confident","Stats","BYU","Yes",9395,7655,1566,2720
"OK","Confident","IT","Redbrick","Yes",1771,1179,5508,1737
"Excellent","Confident","DataScience","PJIT","No",179,2408,3084,2834
"Excellent","Shy","CS","BYU","No",5733,7527,579,800
"Weak","Nerdy","IT","Redbrick","Yes",1677,405,5452,6196
"OK","Outgoing","CS","BYU","No",1711,3224,4998,6825
"Excellent","Nerdy","CS","BestCollege","Yes",6396,971,9340,2693
"Excellent","Outgoing","DataScience","BestCollege","Yes",5702,2066,6710,7619
"Weak","Nerdy","DataScience","BYU","No",938,9763,7201,1872
"Excellent","Confident","IT","BYU","2684",955,6047,9255,1169
"Weak","Confident","Stats","BestCollege","Yes",8237,6867,5026,424
"Excellent","Shy","DataScience","Peters","Yes",7179,1217,5158,4820
"Weak","Nerdy","CS","Redbrick","No",1175,6897,1343,5657
"Excellent","Shy","DataScience","BYU","No",3851,9009,4706,5531
"OK","Shy","Stats","PJIT","Yes",4742,6988,5902,9042
"Weak","Nerdy","DataScience","Redbrick","Yes",636,1324,8911,652
"Excellent","Nerdy","DataScience","BestCollege","Yes",8838,7554,1512,2400
"OK","Outgoing","Stats","Peters","No",4546,8292,3698,2574
"OK","Nerdy","IT","BestCollege","Yes",5833,1471,9366,3571
"Excellent","Confident","CS","BestCollege","Yes",6196,359,7830,1342
"OK","Shy","IT","BYU","Yes",5322,1319,8210,2464
"OK","Outgoing","DataScience","PJIT","Yes",7890,2293,3888,3252
"Excellent","Outgoing","Stats","BYU","Yes",6168,4693,6425,3205
"Excellent","Shy","IT","BestCollege","No",9140,8531,3258,5436
"Weak","Shy","Stats","BYU","No",945,4144,8618,7804
"Excellent","Outgoing","IT","Peters","No",3361,3061,3502,5101
"Weak","Nerdy","DataScience","Redbrick","No",4321,9332,2940,6137
"Weak","Outgoing","CS","PJIT","No",429,939,2193,8281
"Weak","Outgoing","Stats","Peters","No",2599,5517,1712,6101
"OK","Confident","CS","Redbrick","No",4243,719,1870,4412
"OK","Nerdy","CS","Peters","Yes",5548,5295,7507,5043
"OK","Nerdy","CS","BYU","No",5877,7493,1480,3128
"Weak","Confident","DataScience","BestCollege","No",6827,7782,820,3184
"Excellent","Shy","IT","Redbrick","Yes",1881,2855,9606,6804
"Weak","Nerdy","IT","BYU","Yes",5897,1461,8785,5958
"Excellent","Nerdy","DataScience","BestCollege","Yes",362,4224,7082,36
"Weak","Nerdy","IT","BestCollege","No",2359,6530,8673,7638
"Weak","Shy","IT","Peters","No",3101,2115,3514,2697
"Weak","Shy","CS","PJIT","No",3368,4648,3958,3907
"OK","Shy","IT","BYU","Yes",9198,7496,6853,2157
"OK","Outgoing","IT","Redbrick","No",5722,3735,346,7907
"Excellent","Confident","CS","Peters","Yes",8371,9863,8010,6896
"Excellent","Nerdy","CS","PJIT","No",4306,3424,3690,5602
"OK","Confident","Stats","BestCollege","No",5270,2033,448,7276
"Excellent","Confident","Stats","Peters","Yes",1477,469,9451,4675
"Weak","Nerdy","IT","Peters","No",4793,2460,319,1888
"Weak","Shy","DataScience","PJIT","No",1383,7530,5723,8544
"Weak","Nerdy","IT","PJIT","No",1302,9926,6413,6792
"OK","Outgoing","CS","BYU","Yes",8386,1794,3564,7515
"Weak","Outgoing","Stats","Redbrick","No",8284,4114,31,5006
"OK","Shy","IT","Peters","Yes",7718,7795,3309,2670
"OK","Nerdy","IT","Peters","Yes",193,353,6401,2310
"OK","Confident","CS","Peters","2684",4112,2244,6736,493
"OK","Confident","DataScience","Redbrick","No",7052,2746,7768,3703
"Excellent","Outgoing","IT","BestCollege","Yes",8339,7184,5647,9193
"Excellent","Shy","DataScience","BYU","Yes",8436,6727,6940,8005
"Excellent","Outgoing","IT","PJIT","Yes",7952,3094,2704,134
"Excellent","Outgoing","DataScience","BYU","No",5862,9372,1854,398
"Weak","Outgoing","CS","BestCollege","Yes",6085,5001,9965,4262
"OK","Nerdy","IT","BestCollege","No",7813,2145,5326,8655
"Weak","Shy","DataScience","BestCollege","No",2370,6781,1548,5177
"Excellent","Outgoing","IT","BYU","Yes",8874,1661,7211,4681
"Weak","Confident","Stats","BestCollege","Yes",3924,7001,8868,3451
"Excellent","Confident","CS","Peters","Yes",4627,3564,4747,2794
"Excellent","Outgoing","DataScience","BestCollege","Yes",1696,4291,8169,5138
"Excellent","Outgoing","CS","Peters","No",9013,131,5703,5156
"Weak","Shy","Stats","PJIT","No",2598,3131,335,7627
"Weak","Nerdy","CS","Redbrick","No",7967,8659,3679,8050
"OK","Shy","CS","BestCollege","Yes",9167,4938,3866,7356
"Excellent","Outgoing","IT","Redbrick","No",1433,9676,8420,4302
"OK","Confident","Stats","BestCollege","Yes",1883,50,5823,1060
"Excellent","Outgoing","CS","PJIT","No",5467,5640,4896,9190
"Excellent","Outgoing","IT","BestCollege","Yes",1282,3684,9032,5204
"Weak","Outgoing","IT","Peters","No",3630,4048,40,9430
"Weak","Outgoing","IT","PJIT","No",3248,8648,9901,7660
"OK","Nerdy","IT","BestCollege","No",7918,4283,4769,9757
"Weak","Outgoing","DataScience","PJIT","No",489,5871,8278,8723
"OK","Confident","IT","BestCollege","No",8189,9747,387,3100
"Weak","Shy","Stats","Peters","No",6375,5049,4047,1431
"OK","Nerdy","IT","BYU","Yes",6707,8277,3946,1174
"OK","Nerdy","DataScience","BestCollege","No",3409,2108,3311,5689
"Weak","Outgoing","IT","PJIT","No",362,3663,9351,8269
"Weak","Outgoing","CS","Redbrick","No",4772,802,1447,6807
"Weak","Nerdy","DataScience","BYU","Yes",8315,3355,8638,1570
"Weak","Outgoing","DataScience","Redbrick","No",1244,8548,2255,880
"Excellent","Outgoing","Stats","PJIT","Yes",5926,8251,7725,9699
"Excellent","Confident","DataScience","Redbrick","No",703,9220,3986,828
"Weak","Outgoing","CS","BestCollege","No",475,3900,7229,7269
"Excellent","Outgoing","CS","BestCollege","No",9645,6463,2169,7486
"OK","Outgoing","IT","Redbrick","No",2850,3545,3527,4124
"OK","Confident","IT","BYU","No",2394,196,1571,4867
"OK","Outgoing","Stats","Peters","Yes",2184,7030,9958,8323
"OK","Shy","DataScience","BestCollege","Yes",9444,1840,4711,3800
"OK","Outgoing","Stats","PJIT","No",7094,8251,6889,7699
"Excellent","Confident","CS","BYU","Yes",7807,3243,6392,3352
"Excellent","Outgoing","CS","Peters","No",8842,8275,3043,7356
"Excellent","Shy","DataScience","BestCollege","Yes",8628,3231,9631,5489
"Excellent","Confident","IT","BestCollege","Yes",6524,8287,8467,2403
"Weak","Shy","CS","BestCollege","No",8547,9975,5381,6118
"OK","Nerdy","Stats","Redbrick","Yes",3531,4280,9675,9540
"Weak","Nerdy","CS","BYU","Yes",3072,2855,9753,6378
"Weak","Shy","IT","PJIT","No",5558,4755,740,8244
"Weak","Nerdy","Stats","PJIT","Yes",8499,5503,5092,1552
"OK","Outgoing","CS","Redbrick","No",6493,8545,5721,3208
"OK","Confident","Stats","Redbrick","Yes",6443,810,263,5598
"Excellent","Confident","Stats","Redbrick","Yes",6380,9943,6076,4217
"OK","Shy","CS","Peters","Yes",5558,7164,8041,9987
"Excellent","Shy","IT","Peters","No",2792,8480,3800,8316
"Excellent","Outgoing","CS","Redbrick","Yes",5862,1929,4437,7103
"Weak","Shy","DataScience","BestCollege","No",4834,7277,7757,5743
"OK","Shy","CS","Redbrick","Yes",7613,2180,1665,1868
"Excellent","Confident","CS","BYU","No",5568,2200,273,9053
"OK","Shy","DataScience","Redbrick","2684",4154,5578,1564,7629
"OK","Confident","DataScience","Peters","Yes",5028,759,844,1492
"Excellent","Shy","CS","Peters","No",5528,5586,398,3662
"OK","Nerdy","IT","BestCollege","Yes",9028,5432,9139,181
"Excellent","Confident","Stats","BestCollege","Yes",3233,1061,6300,2926
"OK","Confident","Stats","Peters","No",5977,6964,682,4251
"Weak","Confident","CS","BYU","Yes",5952,946,9744,938
"Excellent","Outgoing","CS","PJIT","Yes",9210,2405,8179,3233
"Weak","Shy","CS","BYU","No",332,3489,4577,8680
"OK","Confident","CS","Redbrick","Yes",1441,795,3958,3783
"Excellent","Outgoing","IT","BestCollege","Yes",6221,2420,5880,9702
"Excellent","Confident","DataScience","BestCollege","Yes",9245,153,6953,9113
"Excellent","Shy","CS","PJIT","Yes",6554,9363,4320,1097
"Weak","Outgoing","CS","PJIT","No",1095,785,5809,1567
"Weak","Shy","CS","BYU","No",2678,6670,7710,4675
"Excellent","Nerdy","DataScience","BestCollege","Yes",9230,6600,8992,7785
"OK","Confident","Stats","BestCollege","No",9139,7265,906,6292
"Weak","Nerdy","Stats","PJIT","No",7258,9775,4237,4518
"Excellent","Nerdy","Stats","Peters","Yes",5093,6037,9291,3130
"Weak","Shy","DataScience","Peters","Yes",9695,2234,2299,6827
"Excellent","Outgoing","Stats","PJIT","Yes",679,5854,5858,1511
"Weak","Nerdy","Stats","PJIT","No",1984,6007,3902,375
"Excellent","Outgoing","CS","PJIT","Yes",9517,1426,3246,5708
"OK","Outgoing","DataScience","Redbrick","Yes",1665,9405,9275,1776
"Weak","Shy","CS","Peters","No",8390,2466,2671,8657
"Excellent","Confident","DataScience","BestCollege","Yes",9773,268,3634,4641
"Excellent","Nerdy","CS","BYU","Yes",3768,4058,7476,739
"OK","Shy","IT","BestCollege","Yes",2569,9125,6709,622
"Excellent","Nerdy","IT","BestCollege","Yes",2584,1856,8044,4334
"Excellent","Outgoing","IT","PJIT","Yes",9261,4917,5794,9771
"Excellent","Shy","CS","BYU","Yes",216,2069,5568,6738
"OK","Confident","IT","BestCollege","No",4332,4341,3909,5748
"Weak","Confident","DataScience","PJIT","No",77,8912,215,7833
"Weak","Nerdy","Stats","Peters","No",6760,7240,2461,6392
"Excellent","Confident","DataScience","BestCollege","Yes",6909,2416,1951,2008
"Weak","Confident","DataScience","BestCollege","No",6424,6823,333,7661
"OK","Shy","IT","Peters","No",5194,1254,4409,4363
"Weak","Outgoing","CS","PJIT","No",6790,4084,5503,2494
"Excellent","Shy","DataScience","BestCollege","Yes",4495,1205,9902,1500
"Weak","Shy","CS","Redbrick","No",5003,9254,7586,4035
"Excellent","Confident","DataScience","PJIT","No",9256,7462,1875,4782
"Weak","Shy","Stats","BestCollege","No",2909,2502,2123,3586
"Weak","Outgoing","IT","Redbrick","No",6921,965,1672,6015
"OK","Nerdy","Stats","Peters","Yes",5141,4484,7681,158
"Weak","Nerdy","CS","PJIT","Yes",2852,7373,7782,3081
"Weak","Confident","CS","PJIT","No",1102,3577,440,3942
"Weak","Nerdy","DataScience","BYU","No",9577,7561,2149,4854
"Weak","Outgoing","CS","BestCollege","No",3856,9401,3479,610
"OK","Confident","DataScience","PJIT","Yes",7164,7655,5494,6151
"Weak","Shy","DataScience","BYU","No",4197,6637,1312,9603
"Excellent","Outgoing","CS","BYU","No",798,4986,3482,9584
"Excellent","Outgoing","DataScience","BYU","Yes",6592,3358,2000,45
"Excellent","Nerdy","Stats","PJIT","Yes",4360,2113,8132,4309
"Weak","Shy","CS","BestCollege","Yes",8355,924,9770,7595
"OK","Nerdy","Stats","BYU","No",8,8174,3026,158
"OK","Confident","IT","PJIT","Yes",8196,9011,8176,3394
"Excellent","Confident","CS","PJIT","Yes",1650,180,8868,8394
"Excellent","Outgoing","IT","Redbrick","No",1235,2842,7117,3351
"OK","Confident","Stats","BestCollege","Yes",7803,4079,8755,5153
"Weak","Nerdy","Stats","PJIT","Yes",9047,3998,6621,8445
"OK","Shy","CS","BestCollege","Yes",5070,1221,8099,2627
"Excellent","Confident","IT","Redbrick","Yes",8778,301,9320,7398
"Excellent","Nerdy","DataScience","BestCollege","No",8517,8742,519,3099
"OK","Shy","IT","BestCollege","No",6399,7784,1799,1693
"Excellent","Confident","Stats","Redbrick","Yes",9822,7240,2850,573
"Weak","Confident","IT","PJIT","No",3459,5646,3540,429
"Excellent","Confident","Stats","BestCollege","No",8742,9696,3401,5693
"OK","Shy","DataScience","Redbrick","No",3031,4161,3279,5649
"Excellent","Confident","IT","PJIT","No",2914,5766,2781,4967
"Weak","Outgoing","CS","BYU","No",3450,3025,5670,8807
"OK","Outgoing","IT","Redbrick","No",5366,8233,3054,5828
"OK","Shy","DataScience","BestCollege","No",3972,943,5249,4021
"OK","Shy","IT","PJIT","Yes",6791,9031,5229,6050
"OK","Nerdy","Stats","BestCollege","No",6217,8562,5,4744
"OK","Shy","IT","BestCollege","No",514,3539,2092,7521
"Weak","Confident","Stats","Redbrick","Yes",5475,9258,9900,5184
"OK","Confident","CS","BestCollege","Yes",3523,5003,6387,9747
"Weak","Confident","Stats","Redbrick","No",1430,2676,4750,2525
"OK","Shy","DataScience","PJIT","Yes",5151,4063,8881,8427
"Excellent","Nerdy","IT","Peters","No",3311,3228,9529,8290
"OK","Outgoing","CS","Peters","Yes",9517,2538,6824,1096
"OK","Shy","IT","BYU","Yes",6727,7693,5851,2068
"Weak","Outgoing","DataScience","BestCollege","No",4597,4301,5448,5509
"Weak","Shy","DataScience","Peters","Yes",8853,3570,8841,6651
"OK","Outgoing","Stats","Peters","Yes",3597,2185,9433,2670
"Excellent","Outgoing","DataScience","Redbrick","Yes",7839,5850,6575,4122
"Weak","Shy","CS","BYU","No",4986,2901,5139,9087
"OK","Confident","DataScience","Redbrick","Yes",5585,3056,8018,7369
"Excellent","Nerdy","IT","BestCollege","No",6843,2046,290,5974
"OK","Nerdy","Stats","BestCollege","No",281,7099,7491,6148
"Excellent","Confident","IT","Redbrick","Yes",361,6304,9034,5454
"Excellent","Nerdy","Stats","PJIT","Yes",9306,6540,9684,1508
"Excellent","Outgoing","CS","PJIT","Yes",3941,4581,3134,1885
"Weak","Shy","Stats","Redbrick","No",6997,8234,1216,5612
"Weak","Nerdy","DataScience","BYU","No",3546,6242,3008,6052
"Excellent","Confident","DataScience","Redbrick","Yes",4640,9169,8609,1749
"Excellent","Nerdy","IT","Peters","No",5768,8605,3720,1085
"Weak","Outgoing","IT","BestCollege","Yes",5612,5990,8875,3287
"Weak","Shy","DataScience","Peters","No",7310,5454,7527,5105
"Weak","Nerdy","Stats","Redbrick","No",1855,9781,5379,4979
"OK","Confident","Stats","Redbrick","No",799,7943,4600,6319
"Weak","Shy","DataScience","BYU","No",2675,8118,1866,3188
"OK","Nerdy","CS","BYU","Yes",3739,5920,5400,469
"OK","Nerdy","CS","Redbrick","Yes",2266,1687,7324,9185
"Weak","Nerdy","IT","BYU","Yes",1296,1795,1087,6108
"Weak","Confident","DataScience","Peters","No",3783,6984,6498,1452
"Weak","Outgoing","DataScience","Redbrick","Yes",8341,2233,4783,7349
"OK","Shy","IT","BYU","Yes",4717,6577,3157,430
"OK","Nerdy","DataScience","Redbrick","Yes",4842,1924,9537,1511
"Weak","Shy","DataScience","BYU","Yes",6549,1744,9571,4338
"Weak","Shy","Stats","BestCollege","No",1407,1806,2611,8077
"Excellent","Nerdy","CS","PJIT","Yes",8343,6417,6211,9281
"OK","Confident","Stats","BYU","2684",548,937,9450,155
"Weak","Outgoing","DataScience","BYU","No",1185,2783,3043,6180
"Weak","Shy","IT","BestCollege","Yes",5605,566,9602,8383
"Weak","Shy","IT","BYU","No",4242,5672,7035,8982
"OK","Confident","DataScience","PJIT","Yes",1237,6568,8768,3853
"Excellent","Outgoing","IT","PJIT","Yes",3401,8588,9954,532
"OK","Outgoing","Stats","BYU","Yes",6028,1078,8907,1945
"OK","Nerdy","CS","BestCollege","Yes",8266,79,5559,8004
"OK","Nerdy","CS","PJIT","2684",798,6913,8559,503
"OK","Shy","CS","Peters","No",312,6552,3004,9156
"Excellent","Nerdy","Stats","Redbrick","Yes",9876,5262,3200,4272
"Weak","Confident","IT","Peters","No",5542,6011,4644,8744
"Excellent","Outgoing","CS","PJIT","No",8793,9878,1530,7155
"OK","Outgoing","IT","Redbrick","No",8524,914,2371,5145
"OK","Outgoing","Stats","PJIT","Yes",8701,2885,2415,121
"Weak","Confident","DataScience","BYU","No",4075,5873,4787,5495
"Weak","Confident","DataScience","BestCollege","No",6649,4415,6761,5326
"Excellent","Confident","Stats","PJIT","Yes",5430,1010,5650,6960
"Excellent","Confident","CS","Redbrick","Yes",2569,836,9343,4102
"Weak","Confident","DataScience","BYU","No",8888,7661,2728,9963
"OK","Outgoing","DataScience","PJIT","Yes",70,5689,8363,6607
"Excellent","Outgoing","IT","Redbrick","Yes",5666,659,9376,2045
"Weak","Nerdy","DataScience","PJIT","Yes",9915,1334,9083,1500
"Weak","Confident","DataScience","BYU","No",553,3718,3323,7310
"Weak","Shy","Stats","BestCollege","No",4256,7375,6351,4907
"Excellent","Outgoing","DataScience","PJIT","Yes",5998,4434,5084,2688
"Weak","Nerdy","Stats","BYU","No",4225,9330,8615,9432
"OK","Nerdy","IT","BYU","Yes",5770,9123,7678,4621
"Weak","Outgoing","CS","BestCollege","No",7887,1051,914,7948
"Weak","Outgoing","IT","PJIT","No",2824,2939,3045,7012
"Excellent","Confident","CS","Redbrick","Yes",9163,2313,4402,5091
"Excellent","Confident","Stats","Peters","Yes",2614,9291,5964,4690
"OK","Shy","IT","BestCollege","No",6788,9844,1037,6440
"Weak","Shy","CS","BestCollege","No",4436,1509,5549,5498
"Excellent","Nerdy","DataScience","BYU","Yes",8964,216,6860,2912
"Weak","Outgoing","IT","BestCollege","No",6075,135,3742,7346
"Weak","Nerdy","IT","BestCollege","No",5390,377,3582,6871
"Excellent","Outgoing","Stats","Redbrick","Yes",4784,2626,8756,7429
"OK","Nerdy","IT","Redbrick","Yes",416,6914,5872,7394
"Weak","Nerdy","DataScience","BYU","No",4865,5776,4954,2214
"Weak","Confident","Stats","BYU","No",8643,9239,574,9691
"OK","Shy","DataScience","Redbrick","Yes",3047,5306,5130,9222
"OK","Confident","Stats","BestCollege","No",2043,7490,1822,8918
"Excellent","Confident","CS","Peters","No",5252,3680,1468,6048
"OK","Shy","Stats","Redbrick","Yes",9147,811,773,7008
"OK","Nerdy","CS","BestCollege","No",8427,8517,432,8619
"Weak","Outgoing","Stats","Redbrick","No",775,3876,3839,5425
"Weak","Nerdy","CS","BestCollege","No",8582,8944,4940,4707
"Weak","Confident","Stats","Redbrick","Yes",1228,7671,8641,1919
"Weak","Shy","IT","BYU","2684",8542,3094,4865,1339
"OK","Shy","IT","Redbrick","Yes",6314,6490,6531,415
"OK","Nerdy","Stats","Redbrick","Yes",5819,1330,9696,3182
"OK","Shy","CS","Peters","Yes",5487,3489,9483,7792
"Weak","Outgoing","DataScience","PJIT","No",7895,9214,6517,5308
"Excellent","Nerdy","Stats","PJIT","Yes",4961,717,2280,399
"OK","Nerdy","CS","BYU","No",36,8614,1438,1213
"Excellent","Shy","CS","BYU","Yes",6314,2114,5382,633
"Excellent","Nerdy","Stats","Peters","No",5502,6684,1767,1834
"Excellent","Nerdy","Stats","PJIT","No",7118,5289,3753,133
"OK","Confident","DataScience","Redbrick","Yes",3377,1980,9672,9060
"OK","Confident","CS","Redbrick","Yes",3859,5377,8644,7710
"OK","Confident","IT","BestCollege","2684",5483,4573,1425,8010
"Weak","Nerdy","IT","Redbrick","No",2344,4195,4695,6181
"Weak","Nerdy","CS","Peters","No",7862,9899,1674,4386
"Weak","Shy","CS","Peters","Yes",396,5080,9550,4699
"Excellent","Outgoing","IT","BYU","Yes",8508,3249,6942,8356
"OK","Confident","Stats","Peters","Yes",4489,2943,3658,1392
"Excellent","Nerdy","Stats","PJIT","Yes",9550,52,824,6352
"OK","Outgoing","Stats","BestCollege","Yes",4216,292,4167,2592
"Excellent","Shy","IT","Peters","No",661,8155,676,6885
"Excellent","Shy","DataScience","PJIT","Yes",2306,3038,9496,4398
"Weak","Nerdy","IT","Peters","No",8882,5714,96,6965
"Weak","Confident","Stats","BestCollege","No",4259,1468,263,6938
"OK","Confident","Stats","BYU","Yes",735,9632,8785,4408
"Excellent","Nerdy","Stats","PJIT","No",1113,6913,1214,433
"Excellent","Shy","IT","Redbrick","Yes",815,3812,8710,5618
"OK","Outgoing","DataScience","Peters","Yes",9839,596,4184,77
"Excellent","Nerdy","CS","Redbrick","No",2122,5543,522,5219
"OK","Confident","DataScience","Peters","No",8200,6152,65,9389
"Excellent","Confident","DataScience","BestCollege","Yes",9348,131,697,8032
"Weak","Nerdy","CS","PJIT","No",9191,6785,3076,9005
"Excellent","Outgoing","Stats","PJIT","No",606,791,4441,6925
"Excellent","Outgoing","IT","BYU","Yes",4383,3152,5225,4200
"Excellent","Confident","CS","BYU","No",62,4674,319,9870
"OK","Outgoing","CS","BestCollege","Yes",4723,9879,6035,8799
"Excellent","Confident","CS","BYU","Yes",8031,2496,5841,5438
"Weak","Nerdy","CS","Peters","No",1579,3358,6299,9705
"Weak","Shy","DataScience","Peters","Yes",9530,269,6568,9940
"Weak","Shy","IT","Redbrick","Yes",1630,5514,9909,3945
"OK","Nerdy","Stats","Peters","Yes",6135,9066,7614,1139
"Weak","Confident","CS","BestCollege","No",3008,1952,2419,9210
"Excellent","Confident","DataScience","BestCollege","Yes",1829,5002,5572,3156
"Excellent","Shy","IT","Redbrick","No",294,4028,628,1074
"Weak","Nerdy","DataScience","PJIT","No",6899,9920,4364,9671
"OK","Outgoing","Stats","PJIT","Yes",6838,1822,4764,4899
"OK","Confident","CS","BestCollege","Yes",6532,3375,3144,2148
"OK","Outgoing","CS","BYU","No",342,4739,692,4979
"Excellent","Confident","CS","BestCollege","Yes",5980,379,6414,6382
"Weak","Nerdy","DataScience","PJIT","Yes",4222,4724,8310,6042
"Excellent","Confident","CS","BYU","Yes",4773,1934,5851,6707
"Weak","Nerdy","DataScience","Redbrick","Yes",5646,3036,9196,3025
"OK","Nerdy","DataScience","PJIT","Yes",4971,2175,9471,6883
"Excellent","Outgoing","CS","Peters","No",6171,3916,2353,5827
"Weak","Nerdy","Stats","BestCollege","No",4471,6058,3004,676
"Weak","Nerdy","CS","Peters","No",4272,7201,7388,5434
"OK","Outgoing","Stats","BestCollege","No",7963,6730,458,6773
"Weak","Nerdy","CS","Peters","No",3358,6078,2502,7111
"OK","Shy","Stats","BestCollege","No",1147,8114,9735,8735
"Weak","Shy","IT","Redbrick","No",3974,9996,2292,6258
"Excellent","Outgoing","CS","BestCollege","No",5568,896,5084,1907
"Weak","Outgoing","IT","Redbrick","Yes",3336,6469,9656,3949
"Excellent","Shy","IT","PJIT","No",556,1110,2984,9744
"OK","Nerdy","Stats","BYU","No",6709,6464,1441,7762
"OK","Nerdy","CS","BestCollege","No",7177,9612,7336,2168
"Excellent","Outgoing","IT","Peters","No",4518,7222,640,9725
"Excellent","Outgoing","DataScience","BestCollege","Yes",9674,4034,448,1534
"Weak","Shy","Stats","BYU","No",2882,3806,6583,2402
"Excellent","Outgoing","DataScience","Redbrick","No",2120,8686,3601,3887
"OK","Confident","DataScience","BestCollege","No",6535,537,3145,9258
"Excellent","Confident","Stats","BestCollege","No",854,5054,1864,6852
"OK","Outgoing","DataScience","BestCollege","No",428,4626,2303,6316
"Weak","Confident","DataScience","BestCollege","No",6998,1124,4966,6943
"Excellent","Outgoing","IT","Peters","No",1235,8651,1357,2558
"Excellent","Shy","DataScience","BestCollege","Yes",8632,8064,4559,91
"OK","Confident","IT","BYU","No",399,7419,816,4297
"Excellent","Shy","Stats","Redbrick","Yes",4024,2357,8711,9768
"Excellent","Confident","IT","BestCollege","Yes",4319,3028,6050,5332
"OK","Confident","CS","Peters","No",526,7707,1737,2519
"Weak","Confident","IT","Redbrick","No",3742,4450,1956,8589
"OK","Confident","Stats","Redbrick","Yes",9519,597,6542,6999
"Excellent","Nerdy","DataScience","BYU","No",2973,1463,2331,4923
"OK","Outgoing","IT","Peters","No",9621,2003,1122,8813
"Weak","Confident","IT","PJIT","Yes",9914,4016,8632,3112
"Weak","Nerdy","IT","BestCollege","Yes",8345,8463,8178,626
"OK","Outgoing","DataScience","Peters","No",2606,6340,987,4422
"Excellent","Shy","IT","Redbrick","No",7389,5439,1454,4749
"Excellent","Outgoing","Stats","BYU","No",1548,8110,7099,295
"OK","Nerdy","Stats","Peters","Yes",6455,3076,6062,1684
"Excellent","Nerdy","IT","PJIT","No",1945,1693,1684,3704
"Weak","Nerdy","Stats","BYU","Yes",3874,4718,9278,6260
"Weak","Outgoing","IT","Redbrick","Yes",5481,1687,9878,2110
"Excellent","Outgoing","IT","Peters","Yes",7449,6346,7387,4093
"OK","Outgoing","DataScience","BYU","Yes",8404,6886,4066,2504
"Excellent","Nerdy","DataScience","BestCollege","No",8071,2792,440,7137
"OK","Nerdy","DataScience","BYU","Yes",8580,7142,4728,1957
"Excellent","Outgoing","DataScience","Peters","Yes",1343,7422,5906,7674
"Weak","Nerdy","Stats","Peters","2684",4648,7534,6613,4936
"OK","Confident","IT","Peters","No",4313,982,350,7499
"Weak","Outgoing","Stats","BYU","Yes",2066,1628,9247,7381
"OK","Nerdy","CS","Redbrick","Yes",9357,2024,773,1829
"Weak","Confident","DataScience","PJIT","No",3053,5903,696,5632
"Excellent","Nerdy","CS","PJIT","No",3258,141,3866,7614
"Excellent","Confident","Stats","PJIT","Yes",2126,7366,8007,6099
"Excellent","Outgoing","IT","BestCollege","Yes",8755,2064,8834,4878
"Weak","Outgoing","DataScience","Peters","No",3284,7271,1179,6963
"Weak","Confident","CS","Peters","Yes",2137,3355,9766,7910
"Excellent","Confident","CS","PJIT","No",5205,8504,1127,1017
"Weak","Confident","Stats","BYU","No",874,8111,2933,6746
"OK","Confident","CS","BYU","Yes",2730,4260,5224,83
"Weak","Shy","DataScience","BestCollege","No",616,8069,5153,2683
"Weak","Shy","IT","Redbrick","No",3048,6548,3669,7672
"OK","Shy","IT","PJIT","Yes",1504,1170,9151,926
"Weak","Shy","IT","Peters","No",2557,524,3302,4713
"Weak","Outgoing","Stats","BestCollege","Yes",9227,9990,7571,6357
"Excellent","Nerdy","IT","BestCollege","No",6415,970,6407,1914
"Weak","Shy","Stats","BestCollege","No",5209,6097,3949,850
"Weak","Shy","Stats","Peters","No",6988,5803,1579,2818
"Weak","Confident","CS","Peters","No",1471,8627,766,8037
"Weak","Confident","DataScience","BYU","No",3731,7492,4185,5253
"Excellent","Outgoing","Stats","Redbrick","Yes",4891,4998,5597,9819
"Weak","Outgoing","IT","BestCollege","No",6680,8947,7221,5448
"Excellent","Outgoing","Stats","PJIT","Yes",1618,211,4446,1351
"Excellent","Confident","DataScience","BestCollege","No",8217,8004,3030,3348
"OK","Nerdy","DataScience","Redbrick","No",926,4633,4659,7141
"Excellent","Confident","DataScience","Redbrick","Yes",4466,9983,3658,9459
"Weak","Shy","Stats","BestCollege","No",5681,4667,4960,5407
"Weak","Confident","CS","BestCollege","No",5176,4150,1144,2442
"Weak","Outgoing","DataScience","BYU","No",1665,1337,4897,2921
"Excellent","Shy","IT","Redbrick","Yes",6253,5074,4046,990
"OK","Nerdy","DataScience","BYU","Yes",8219,1183,2289,1661
"Weak","Nerdy","DataScience","PJIT","Yes",9150,2059,329,3039
"Weak","Confident","DataScience","BestCollege","No",4012,5493,1901,2917
"Excellent","Nerdy","IT","PJIT","No",7577,8,2936,4081
"OK","Shy","DataScience","PJIT","No",4667,3215,2032,5791
"OK","Outgoing","IT","BYU","No",63,880,2850,9917
"Weak","Shy","CS","BYU","No",7894,3214,7667,1197
"OK","Nerdy","Stats","PJIT","Yes",7918,5545,3954,5862
"OK","Nerdy","CS","BYU","No",5634,2498,2915,6652
"Weak","Nerdy","Stats","BYU","Yes",6755,9455,9975,368
"Excellent","Confident","Stats","BestCollege","Yes",8918,2336,6340,7845
"Excellent","Outgoing","DataScience","Redbrick","Yes",1513,2303,5485,4931
"Weak","Confident","Stats","BYU","No",3989,1620,574,3097
"OK","Shy","Stats","Redbrick","Yes",326,2080,5455,3589
"Excellent","Outgoing","IT","Redbrick","Yes",8359,6882,7085,2942
"OK","Shy","CS","BYU","Yes",3363,4234,9239,1183
"Weak","Confident","DataScience","Redbrick","No",1624,6486,8732,7880
"OK","Confident","DataScience","BYU","Yes",2502,6689,7287,4947
"Excellent","Outgoing","IT","Redbrick","Yes",5889,6926,6744,1969
"Excellent","Outgoing","DataScience","BestCollege","Yes",9950,6420,7866,8121
"Excellent","Outgoing","Stats","PJIT","No",3860,7445,764,859
"OK","Confident","Stats","BYU","Yes",9268,7832,6782,1053
"OK","Outgoing","IT","BestCollege","Yes",6352,3796,4905,849
"Excellent","Shy","CS","BestCollege","No",7650,2944,165,6699
"Weak","Nerdy","CS","Redbrick","Yes",5896,5344,8402,3789
"OK","Confident","Stats","BestCollege","Yes",1959,160,6663,9606
"Excellent","Outgoing","CS","Peters","Yes",8025,34,2453,8520
"Excellent","Shy","DataScience","Redbrick","Yes",7591,8390,6812,1529
"OK","Outgoing","Stats","BYU","Yes",6355,4026,4806,682
"Excellent","Shy","DataScience","BestCollege","No",6377,5465,7883,4975
"Weak","Shy","Stats","Peters","Yes",9036,2494,7972,2574
"Weak","Outgoing","Stats","Redbrick","2684",2642,9688,7229,1078
"Weak","Shy","Stats","BYU","No",3656,488,3661,925
"Weak","Nerdy","CS","Peters","2684",7324,3272,3885,4538
"Excellent","Nerdy","Stats","PJIT","No",4262,3436,4102,5539
"Excellent","Confident","CS","Redbrick","Yes",6784,7643,8033,183
"Weak","Shy","DataScience","Redbrick","No",1962,4393,5159,1382
"OK","Nerdy","CS","Peters","Yes",7692,6198,82,759
"Weak","Nerdy","IT","Redbrick","Yes",580,4309,9633,3955
"Weak","Nerdy","CS","BYU","No",2725,7657,7029,7356
"Excellent","Nerdy","CS","BYU","No",8718,5904,1352,9489
"OK","Outgoing","DataScience","BYU","Yes",7826,3849,3357,3621
"Weak","Outgoing","IT","BYU","Yes",9832,7384,7597,4669
"Excellent","Confident","Stats","PJIT","Yes",5259,6147,8625,4693
"Weak","Nerdy","IT","BYU","No",2939,4391,6152,7710
"OK","Nerdy","IT","BYU","Yes",2166,4773,9174,1684
"Weak","Confident","Stats","Peters","Yes",4608,9631,8796,2776
"Weak","Shy","CS","Redbrick","Yes",8538,1217,6404,9789
"OK","Confident","Stats","BestCollege","No",208,3483,1889,7029
"OK","Confident","Stats","BestCollege","Yes",5984,7174,9599,3051
"OK","Outgoing","CS","Peters","No",8747,6546,3050,5578
"OK","Confident","Stats","BYU","No",6761,4704,1265,3764
"OK","Shy","IT","PJIT","No",6013,9775,3283,9955
"OK","Outgoing","Stats","PJIT","Yes",6252,8611,3867,7017
"Weak","Outgoing","DataScience","Redbrick","No",2634,3010,7171,3460
"OK","Shy","IT","BestCollege","No",4469,78,3775,7290
"Weak","Confident","DataScience","Redbrick","Yes",1787,647,8796,4881
"Weak","Shy","Stats","Redbrick","No",2229,8810,9156,8946
"Weak","Shy","Stats","BYU","Yes",7979,1509,8193,1615
"Weak","Nerdy","CS","BestCollege","No",2255,3251,1013,6487
"Weak","Confident","DataScience","Peters","No",1659,5619,2434,4135
"Weak","Shy","IT","PJIT","No",5937,3017,5337,6797
"Excellent","Shy","IT","Redbrick","Yes",8824,3596,6013,5428
"OK","Confident","DataScience","BestCollege","Yes",8815,4801,6698,1337
"Excellent","Confident","DataScience","Redbrick","No",1486,6733,4775,976
"OK","Confident","Stats","Redbrick","No",932,9967,2470,5085
"Excellent","Confident","DataScience","Peters","No",627,8919,7972,4192
"Excellent","Outgoing","Stats","BYU","Yes",2778,4359,8350,8277
"OK","Shy","CS","BYU","Yes",3341,7057,7775,4801
"Weak","Outgoing","Stats","Peters","No",8633,3554,2928,8787
"Excellent","Confident","Stats","PJIT","No",3158,5607,4733,4160
"Weak","Outgoing","Stats","BYU","No",358,9551,5610,8099
"OK","Shy","Stats","BYU","Yes",3364,6938,6337,9051
"OK","Confident","CS","BYU","Yes",2681,7515,5923,3514
"OK","Shy","IT","BestCollege","No",346,3989,7085,9587
"Excellent","Shy","CS","Peters","Yes",8353,6102,5755,4220
"Weak","Shy","DataScience","BYU","Yes",2931,4854,8789,4697
"Excellent","Shy","DataScience","Redbrick","Yes",5888,2983,9833,2617
"OK","Confident","DataScience","Peters","No",1568,689,1368,7741
"Excellent","Confident","IT","BYU","Yes",7240,8294,9024,58
"OK","Nerdy","IT","BestCollege","No",7577,8428,5395,6457
"OK","Confident","CS","PJIT","No",3802,4213,484,5461
"Weak","Confident","Stats","BYU","No",7979,8979,1529,1723
"Excellent","Confident","IT","BYU","No",1566,2335,3780,5756
"OK","Outgoing","IT","BestCollege","No",2692,4171,2088,8730
"Weak","Confident","DataScience","BYU","No",9282,1780,431,8110
"OK","Shy","DataScience","Peters","2684",9203,6346,8978,5964
"Excellent","Shy","Stats","BYU","No",2183,442,4458,7135
"Excellent","Shy","Stats","PJIT","Yes",9911,4700,7451,3630
"Excellent","Confident","IT","BestCollege","Yes",5098,2998,9457,9417
"Weak","Confident","IT","PJIT","No",2303,7343,6453,9036
"Weak","Shy","Stats","PJIT","No",725,5017,9013,7895
"Weak","Outgoing","IT","Peters","No",1879,1398,6960,1305
"Excellent","Outgoing","Stats","Peters","No",3081,4915,963,524
"Excellent","Shy","Stats","PJIT","No",3176,3595,2088,9432
"OK","Outgoing","Stats","PJIT","No",1947,929,481,5781
"Excellent","Nerdy","IT","BYU","No",777,5175,2473,723
"Weak","Outgoing","CS","BestCollege","No",6672,693,3221,4586
"OK","Nerdy","CS","Redbrick","Yes",7893,4834,6890,3129
"OK","Outgoing","DataScience","Peters","Yes",7274,5902,9171,9254
"OK","Nerdy","CS","PJIT","Yes",1072,3528,6684,290
"Weak","Shy","Stats","BYU","Yes",7352,3683,9625,225
"Weak","Confident","Stats","PJIT","No",2850,8706,2620,5865
"Excellent","Nerdy","IT","BYU","No",1738,9878,595,2105
"Excellent","Shy","CS","BYU","No",6793,8647,2922,1188
"Excellent","Confident","IT","PJIT","Yes",304,1846,5345,9913
"Excellent","Confident","Stats","Peters","Yes",8304,3656,9736,3670
"Excellent","Nerdy","DataScience","BYU","No",5280,5517,4709,6864
"OK","Confident","IT","PJIT","Yes",1574,709,7545,6930
"Excellent","Nerdy","Stats","PJIT","Yes",7499,7091,3127,114
"Excellent","Outgoing","CS","BYU","2684",4120,5462,368,3298
"OK","Nerdy","DataScience","Peters","Yes",9025,3358,9954,6644
"Excellent","Nerdy","Stats","PJIT","Yes",8165,5685,4586,3032
"Excellent","Outgoing","DataScience","BYU","Yes",3716,1826,8903,1768
"Weak","Shy","Stats","Peters","Yes",9580,310,4097,4907
"Weak","Shy","IT","BYU","No",7707,7431,4705,6142
"Excellent","Shy","CS","PJIT","Yes",8355,3938,8227,2457
"Excellent","Confident","DataScience","Peters","Yes",6012,3320,9588,6190
"Weak","Shy","CS","PJIT","No",6845,6180,4211,9037
"Excellent","Confident","CS","Peters","Yes",1935,7286,5889,9100
"Excellent","Confident","CS","BYU","Yes",4299,883,1376,2135
"Weak","Shy","Stats","Redbrick","No",4756,2773,5304,5278
"OK","Confident","IT","BYU","Yes",9270,4925,6160,9869
"Weak","Outgoing","Stats","Redbrick","No",1512,839,748,2414
"Weak","Outgoing","CS","Peters","Yes",4113,2364,8735,1099
"OK","Confident","DataScience","PJIT","Yes",4314,5475,9722,7302
"Weak","Outgoing","IT","BYU","No",4230,1686,2094,7313
"Excellent","Shy","CS","BestCollege","No",6559,8962,4062,6024
"Excellent","Confident","Stats","Peters","Yes",4157,8439,6144,2150
"Weak","Nerdy","CS","Redbrick","2684",2716,6914,8678,6483
"Weak","Shy","DataScience","BestCollege","No",1772,1831,3399,2461
"Weak","Confident","CS","BestCollege","Yes",2952,8394,9988,1224
"Weak","Nerdy","DataScience","BYU","Yes",9884,835,659,5688
"Weak","Confident","Stats","Redbrick","No",3616,4299,5136,294
"OK","Nerdy","CS","BYU","No",8073,7159,3098,5623
"Weak","Shy","Stats","PJIT","No",6208,72,6095,4992
"Weak","Nerdy","CS","Redbrick","Yes",7749,6430,7534,2030
"Excellent","Nerdy","CS","Redbrick","Yes",6925,1202,2277,7264
"OK","Nerdy","IT","Peters","Yes",63,7206,6766,7580
"Excellent","Outgoing","IT","Peters","Yes",5428,8970,5648,6476
"Weak","Confident","IT","BYU","No",736,9521,807,402
"OK","Outgoing","Stats","BYU","Yes",2804,4341,7536,903
"Weak","Confident","DataScience","PJIT","No",2053,884,7559,4514
"OK","Confident","Stats","Redbrick","Yes",7899,741,3600,178
"Excellent","Outgoing","Stats","Redbrick","Yes",4020,4970,7309,3448
"OK","Confident","IT","Peters","Yes",8888,1592,9189,9461
"Excellent","Outgoing","CS","BestCollege","Yes",7418,488,7123,4949
"Excellent","Confident","Stats","Redbrick","No",7185,9730,3113,9667
"OK","Confident","IT","Redbrick","No",4291,9551,634,2682
"Weak","Outgoing","Stats","BYU","No",8420,2807,617,9201
"Excellent","Outgoing","Stats","Redbrick","Yes",1875,2484,9755,1098
"Excellent","Outgoing","Stats","Redbrick","No",7908,9855,1255,5882
"OK","Nerdy","Stats","BYU","No",1090,5424,1734,2829
"Weak","Outgoing","IT","Peters","Yes",1087,2676,9459,5136
"Weak","Nerdy","IT","PJIT","No",9400,3716,5916,4779
"Excellent","Shy","Stats","Peters","No",1453,1275,1015,6571
"OK","Outgoing","IT","PJIT","Yes",9365,8384,6206,9318
"OK","Shy","CS","BYU","Yes",2461,8154,5582,6477
"Excellent","Nerdy","DataScience","Peters","Yes",1060,2219,9662,7170
"Excellent","Nerdy","DataScience","Redbrick","No",5771,9543,3308,630
"Excellent","Confident","Stats","PJIT","Yes",9180,5231,6258,627
"Excellent","Outgoing","CS","Peters","No",1491,3129,1986,5225
"Excellent","Nerdy","Stats","BYU","Yes",6744,9788,9646,8829
"Excellent","Shy","DataScience","PJIT","Yes",6418,756,5370,4717
"OK","Nerdy","Stats","BYU","Yes",4737,1734,1006,2832
"OK","Confident","Stats","BestCollege","Yes",3303,8935,7676,3191
"OK","Nerdy","CS","BYU","Yes",4734,533,2714,5148
"OK","Nerdy","Stats","BYU","Yes",7528,3023,2495,4706
"Excellent","Nerdy","Stats","BestCollege","Yes",3676,5440,5655,9036
"Weak","Nerdy","IT","PJIT","No",2752,2608,2946,2968
"OK","Confident","DataScience","Redbrick","Yes",7419,557,1789,6641
"Excellent","Shy","IT","Peters","No",3241,2954,2942,7312
"OK","Nerdy","CS","Redbrick","Yes",3484,5127,5061,2966
"Excellent","Shy","Stats","BYU","No",1759,3677,2163,7070
"Excellent","Nerdy","DataScience","BYU","Yes",9048,3090,7456,7881
"Weak","Outgoing","Stats","Peters","No",821,4993,5121,7412
"Excellent","Shy","Stats","PJIT","Yes",5716,8614,6520,8225
"Weak","Nerdy","IT","PJIT","No",6107,2209,3480,1801
"OK","Confident","Stats","Redbrick","Yes",3973,9782,5542,3183
"Excellent","Confident","IT","PJIT","Yes",1260,9428,5876,8537
"Weak","Nerdy","CS","Peters","Yes",8346,4352,5582,8661
"OK","Confident","IT","PJIT","Yes",3523,9614,5910,8698
"Weak","Confident","CS","Redbrick","Yes",7924,1151,8341,4341
"Weak","Confident","CS","BestCollege","No",1001,5239,8262,8498
"OK","Shy","Stats","BestCollege","Yes",8700,4384,7681,4032
"Excellent","Nerdy","DataScience","BestCollege","Yes",1751,6482,7449,2437
"OK","Nerdy","CS","BYU","No",3316,2174,949,3077
"OK","Shy","IT","BestCollege","No",5696,4842,6428,8348
"OK","Shy","CS","BestCollege","No",312,9258,4063,5198
"Weak","Outgoing","Stats","Peters","2684",7404,4282,390,7882
"OK","Shy","Stats","BestCollege","No",509,7604,644,4131
"Weak","Confident","IT","Peters","No",2615,4668,6039,7062
"OK","Outgoing","DataScience","BYU","Yes",5324,1030,5340,8121
"Excellent","Confident","CS","Redbrick","No",9936,5903,400,7780
"Weak","Outgoing","DataScience","Peters","No",4840,3280,7390,3408
"Weak","Shy","CS","PJIT","No",2898,1685,91,4902
"OK","Nerdy","Stats","Peters","Yes",3150,1957,4120,4581
"Weak","Outgoing","CS","PJIT","Yes",7658,6540,8202,271
"Weak","Confident","DataScience","BYU","No",5874,2469,763,2034
"Excellent","Nerdy","IT","BYU","Yes",4745,9603,5637,5352
"Weak","Shy","CS","PJIT","Yes",7626,5618,9167,4083
"OK","Shy","IT","Redbrick","Yes",7145,6033,8677,3880
"Weak","Shy","CS","BestCollege","No",655,6525,3262,6942
"Weak","Shy","DataScience","PJIT","Yes",8081,2795,8122,2983
"Weak","Nerdy","CS","PJIT","Yes",8316,2571,9541,6731
"Weak","Nerdy","DataScience","BestCollege","Yes",9576,2402,8965,4889
"Weak","Confident","Stats","Peters","No",2269,8788,174,6284
"Weak","Shy","DataScience","Redbrick","Yes",4706,97,8434,641
"Weak","Confident","IT","BestCollege","Yes",3027,1920,9113,4007
"Weak","Nerdy","Stats","BYU","2684",6758,6349,1289,4988
"OK","Nerdy","IT","BestCollege","Yes",9754,3838,7827,8117
"OK","Outgoing","Stats","BestCollege","No",131,8108,3124,7259
"OK","Confident","IT","Redbrick","Yes",2557,5888,3685,5175
"Weak","Nerdy","DataScience","BYU","Yes",2501,2785,9182,4926
"Excellent","Outgoing","Stats","Redbrick","Yes",1711,3241,6679,6532
"OK","Shy","Stats","Redbrick","Yes",8526,2189,3906,8537
"Excellent","Confident","CS","Peters","Yes",9365,2123,1871,1863
"Weak","Shy","DataScience","PJIT","No",4256,3646,5686,1407
"Excellent","Outgoing","DataScience","BYU","Yes",12,2215,6513,9682
"Weak","Outgoing","IT","Redbrick","Yes",2199,7408,8022,1796
"Weak","Confident","CS","BestCollege","No",136,197,7228,198
"Weak","Shy","CS","BYU","Yes",968,8899,1461,7838
"OK","Shy","IT","BestCollege","Yes",4048,23,6098,5138
"Weak","Nerdy","Stats","Peters","Yes",2442,3452,9700,6268
"Excellent","Shy","CS","Redbrick","Yes",9203,9089,5814,3371
"OK","Shy","Stats","BYU","Yes",8454,5179,8280,8648
"","1675","5253","8246","Yes",NA,NA,NA,NA
"Excellent","Confident","CS","BestCollege","No",616,5270,840,9235
"Weak","Shy","IT","Peters","No",997,6329,1941,5852
"Excellent","Nerdy","DataScience","Peters","No",1899,5619,2550,1690
"OK","Shy","Stats","BYU","No",1051,6014,2575,7931
"OK","Outgoing","IT","BYU","Yes",1096,903,7167,2997
"Weak","Nerdy","CS","Peters","No",4640,6009,3533,2726
"Excellent","Confident","CS","Redbrick","Yes",577,476,7169,1444
"Excellent","Confident","DataScience","Redbrick","Yes",7813,1440,3077,2283
"OK","Confident","Stats","BestCollege","No",4425,6142,2691,3985
"Excellent","Shy","DataScience","PJIT","Yes",4225,1457,4708,5953
"OK","Shy","Stats","PJIT","No",1496,2784,4013,8249
"Excellent","Shy","CS","Redbrick","No",4919,2346,3560,8340
"OK","Outgoing","Stats","Redbrick","Yes",7550,3183,4593,1898
"OK","Outgoing","IT","BYU","Yes",3839,2300,5229,7132
"Excellent","Outgoing","DataScience","BYU","No",8769,8235,2695,5462
"Weak","Nerdy","CS","BYU","No",5299,5867,4966,2180
"Excellent","Confident","CS","BestCollege","Yes",9538,8307,5390,7810
"OK","Confident","IT","Peters","Yes",2256,8014,5345,9334
"Excellent","Confident","IT","Peters","Yes",8255,2784,2828,6906
"Weak","Nerdy","DataScience","PJIT","No",6897,6709,3189,1381
"Excellent","Nerdy","DataScience","BestCollege","No",5040,1768,2072,8540
"Weak","Outgoing","CS","Redbrick","No",957,6303,1480,955
"Weak","Outgoing","DataScience","PJIT","No",4712,9948,3576,7029
"Weak","Shy","Stats","BYU","No",3022,9024,7559,809
"Weak","Outgoing","CS","PJIT","Yes",9790,629,7576,9278
"Excellent","Shy","IT","BYU","Yes",9385,5187,921,2547
"Excellent","Shy","Stats","BestCollege","No",4868,4135,2802,9573
"OK","Confident","Stats","Redbrick","No",254,9462,1993,9142
"Weak","Nerdy","CS","PJIT","No",7704,9554,8945,8252
"Weak","Shy","Stats","BestCollege","Yes",6296,3036,9869,4151
"Weak","Shy","Stats","BestCollege","No",6380,1314,486,9785
"Weak","Shy","Stats","BYU","Yes",8140,3017,7006,1119
"Weak","Shy","IT","Redbrick","Yes",1476,4447,9681,1730
"Excellent","Outgoing","CS","BestCollege","Yes",5798,2471,6356,3258
"Weak","Outgoing","Stats","PJIT","No",4562,8616,9433,9235
"Excellent","Confident","Stats","Redbrick","No",419,8152,3631,250
"Weak","Nerdy","Stats","BYU","Yes",8563,568,3182,1421
"Weak","Confident","DataScience","BYU","No",1815,4197,8077,7656
"Weak","Nerdy","IT","BestCollege","Yes",1059,3686,9049,6215
"Weak","Nerdy","DataScience","BestCollege","Yes",8969,5814,8444,2524
"Excellent","Outgoing","CS","PJIT","Yes",4049,4162,7031,8597
"Weak","Confident","DataScience","Peters","No",2893,6464,427,3420
"Weak","Confident","CS","BYU","Yes",7719,3152,9857,3706
"Weak","Shy","IT","Redbrick","Yes",8663,5532,4957,4937
"Weak","Nerdy","DataScience","Peters","No",5556,2568,1281,688
"OK","Outgoing","CS","BestCollege","Yes",9563,3394,5106,4244
"Excellent","Confident","DataScience","PJIT","No",7752,5400,4548,7217
"OK","Outgoing","DataScience","BestCollege","Yes",5157,7242,8613,520
"Weak","Outgoing","IT","Peters","No",1800,2879,2353,6139
"OK","Shy","IT","BYU","Yes",4301,9929,5858,9858
"Excellent","Outgoing","Stats","BestCollege","Yes",1383,6461,7944,906
"OK","Outgoing","CS","BYU","Yes",4362,8366,8195,1569
"OK","Confident","Stats","BYU","No",4335,6032,2517,6469
"Weak","Outgoing","DataScience","Redbrick","No",2175,5316,5943,1920
"Weak","Outgoing","Stats","BestCollege","No",5661,8818,3554,1087
"Excellent","Outgoing","Stats","Redbrick","Yes",4670,4693,7305,4054
"Weak","Shy","IT","BestCollege","No",1896,4748,2687,9187
"Weak","Nerdy","IT","BYU","No",478,2402,6810,8549
"Weak","Outgoing","CS","PJIT","Yes",8400,1305,9046,4383
"Excellent","Outgoing","DataScience","BYU","Yes",4336,4152,9215,4039
"OK","Shy","DataScience","BYU","Yes",8610,8359,7300,3263
"Excellent","Outgoing","Stats","Peters","Yes",6289,2024,4800,5113
"Weak","Nerdy","DataScience","PJIT","Yes",5260,3811,6170,206
"Excellent","Outgoing","CS","BYU","Yes",9404,4676,6236,9767
"Weak","Shy","DataScience","BestCollege","No",5325,7762,7815,3933
"Excellent","Shy","DataScience","Redbrick","No",5987,3919,1773,6316
"Weak","Nerdy","CS","Peters","No",5527,9779,7247,3514
"OK","Confident","CS","PJIT","Yes",9310,4540,4724,2337
"Weak","Shy","IT","BYU","No",2976,4769,3321,1554
"OK","Confident","IT","BestCollege","Yes",453,8216,5064,6812
"Weak","Nerdy","Stats","Peters","No",838,4966,862,3019
"OK","Outgoing","Stats","Redbrick","Yes",3146,6178,8236,9706
"Excellent","Confident","Stats","PJIT","Yes",466,4591,9023,3010
"Weak","Shy","DataScience","Redbrick","No",6753,256,6376,7273
"OK","Nerdy","Stats","BestCollege","No",6672,3347,5299,9840
"OK","Confident","IT","BestCollege","No",7050,8062,3016,4062
"Weak","Outgoing","IT","BYU","No",1496,7469,2471,5682
"Weak","Outgoing","DataScience","PJIT","No",2505,1845,959,5245
"OK","Shy","CS","Peters","Yes",7473,3903,4020,5920
"Excellent","Confident","DataScience","Peters","No",428,4613,4637,7127
"OK","Nerdy","CS","BestCollege","Yes",3990,634,9611,6862
"Excellent","Confident","DataScience","Redbrick","No",7526,5122,433,7601
"OK","Confident","DataScience","PJIT","Yes",3462,1903,8985,7408
"Weak","Shy","Stats","Redbrick","No",1743,1373,5684,136
"Weak","Outgoing","CS","PJIT","No",5658,5475,7856,3091
"Excellent","Nerdy","Stats","Peters","Yes",6446,1163,2277,3806
"Excellent","Outgoing","Stats","Redbrick","No",4435,5784,3186,4181
"Excellent","Shy","Stats","PJIT","Yes",2321,3401,6336,28
"Weak","Outgoing","CS","BYU","No",2701,5697,169,1109
"Excellent","Shy","IT","BestCollege","No",9633,4318,2228,8923
"Excellent","Shy","IT","Peters","No",5444,8715,873,1130
"Excellent","Outgoing","DataScience","Peters","Yes",3877,1423,7038,793
"Excellent","Outgoing","CS","Redbrick","Yes",19,2923,6069,632
"Weak","Outgoing","Stats","Peters","No",562,7208,2752,1831
"OK","Confident","CS","BYU","No",3840,1523,2404,8206
"Weak","Shy","CS","BestCollege","No",1108,5244,9664,7756
"Weak","Nerdy","DataScience","Redbrick","Yes",4256,7811,9070,5256
"Excellent","Confident","CS","Peters","Yes",5363,9743,9816,9269
"OK","Shy","DataScience","BestCollege","No",1806,4469,766,4584
"Excellent","Nerdy","CS","Redbrick","Yes",9143,6548,4636,3420
"OK","Outgoing","Stats","BYU","Yes",4860,1831,9983,1987
"Weak","Nerdy","Stats","BYU","No",3018,9360,4387,3589
"Excellent","Outgoing","CS","Peters","Yes",4257,5466,9128,959
"Weak","Shy","Stats","Redbrick","No",508,272,7149,5516
"OK","Confident","CS","Peters","Yes",8504,2001,4965,7221
"Weak","Confident","IT","BYU","Yes",8850,911,4013,1647
"Excellent","Confident","Stats","Redbrick","Yes",5747,1624,7406,2608
"Weak","Nerdy","DataScience","BestCollege","No",6537,6661,1376,5754
"Excellent","Nerdy","CS","BYU","Yes",9306,964,3208,1190
"OK","Outgoing","CS","PJIT","No",762,7691,1224,7476
"Weak","Shy","CS","PJIT","No",751,1915,4911,9638
"Excellent","Nerdy","CS","BestCollege","No",5172,9357,4934,5378
"Excellent","Outgoing","Stats","BYU","Yes",7744,8215,9139,6766
"Excellent","Confident","CS","BYU","Yes",2677,2580,8223,7219
"Excellent","Outgoing","DataScience","PJIT","Yes",3334,8089,7936,7772
"Weak","Outgoing","CS","BestCollege","2684",2655,3648,2679,3
"Weak","Nerdy","IT","Redbrick","Yes",4827,1969,7375,682
"OK","Confident","DataScience","Redbrick","Yes",1619,3043,9866,4777
"Excellent","Outgoing","IT","BestCollege","Yes",6264,8468,6514,1433
"OK","Shy","Stats","BYU","No",43,1573,2175,2919
"OK","Outgoing","IT","Peters","Yes",1811,5010,7805,9037
"Weak","Outgoing","DataScience","PJIT","No",1261,7164,5579,4946
"OK","Confident","Stats","Redbrick","Yes",9082,3410,629,875
"Weak","Confident","DataScience","Peters","Yes",9876,1227,6960,5714
"OK","Nerdy","CS","PJIT","No",1399,5901,2356,184
"Excellent","Outgoing","DataScience","Redbrick","Yes",8620,1900,2962,5535
"Excellent","Shy","IT","Redbrick","No",1496,8116,4291,9273
"OK","Confident","IT","BYU","No",2881,3943,2584,8590
"Excellent","Shy","Stats","PJIT","No",655,4469,1874,7927
"Excellent","Nerdy","CS","Peters","No",3116,7406,3891,3048
"Excellent","Shy","DataScience","PJIT","Yes",9340,9762,5402,3837
"Excellent","Nerdy","DataScience","BestCollege","No",1390,9129,4457,1672
"Excellent","Outgoing","DataScience","Redbrick","Yes",8417,9167,6664,4821
"Excellent","Confident","IT","Redbrick","Yes",1216,5198,9682,9758
"Excellent","Shy","IT","Peters","2684",6536,2849,226,5147
"Weak","Outgoing","IT","Redbrick","No",4509,2918,3443,3965
"Weak","Shy","Stats","BYU","No",2485,1205,5616,2626
"Weak","Nerdy","CS","Redbrick","Yes",90,6933,5648,2864
"Excellent","Confident","Stats","Peters","Yes",5292,8244,8064,1765
"OK","Shy","Stats","PJIT","Yes",1105,6453,5662,643
"Weak","Outgoing","Stats","Peters","No",5713,5040,2712,9916
"Excellent","Outgoing","CS","BYU","No",5429,5879,3479,5955
"OK","Shy","DataScience","Peters","Yes",8861,525,8806,9807
"Weak","Confident","IT","BestCollege","Yes",8092,4312,600,4084
"Weak","Nerdy","DataScience","Peters","No",1775,1558,3227,3291
"OK","Confident","IT","Peters","No",7130,3547,2688,9520
"Excellent","Shy","DataScience","Redbrick","Yes",4850,356,6168,3397
"Excellent","Nerdy","IT","BestCollege","Yes",3070,8058,8763,2210
"Excellent","Nerdy","IT","PJIT","Yes",7156,5240,682,157
"Weak","Shy","Stats","BYU","No",7769,4836,3986,5243
"OK","Nerdy","IT","Peters","Yes",7115,7098,7130,3745
"Excellent","Confident","CS","Peters","Yes",3751,5224,5201,1647
"OK","Nerdy","DataScience","BestCollege","No",1293,450,3411,1923
"Excellent","Outgoing","CS","PJIT","No",2727,7021,3580,6549
"Weak","Shy","IT","BestCollege","No",3859,7830,4411,8452
"OK","Nerdy","CS","Peters","Yes",527,8901,8296,1833
"Excellent","Confident","Stats","BYU","No",3219,7275,1599,8633
"Excellent","Confident","DataScience","BYU","Yes",9662,285,1440,312
"Excellent","Nerdy","DataScience","Peters","Yes",5639,4181,8927,778
"Weak","Shy","IT","Redbrick","No",6865,9251,5725,7410
"OK","Shy","DataScience","Peters","Yes",9589,7735,2133,1763
"Excellent","Outgoing","CS","Redbrick","Yes",9031,1754,3595,8336
"Weak","Outgoing","Stats","Peters","No",7605,3288,3002,4581
"OK","Shy","CS","BestCollege","No",2311,9014,2432,5221
"Weak","Confident","DataScience","BYU","Yes",525,1454,2314,7358
"Weak","Nerdy","DataScience","BYU","Yes",2665,3209,8275,5157
"Excellent","Nerdy","IT","PJIT","Yes",9897,6633,8955,6630
"OK","Outgoing","Stats","Redbrick","Yes",1062,1530,7803,1463
"Excellent","Outgoing","CS","PJIT","Yes",2357,9213,8250,7384
"Excellent","Outgoing","DataScience","Redbrick","Yes",6491,4466,2285,2348
"Weak","Nerdy","Stats","Peters","Yes",6735,4997,756,7531
"Weak","Nerdy","IT","BYU","No",1679,1431,2005,1992
"OK","Confident","Stats","Peters","Yes",544,7459,7739,9208
"Weak","Confident","IT","Redbrick","Yes",8818,3253,6939,7485
"OK","Nerdy","DataScience","PJIT","Yes",6874,3657,8223,1495
"Excellent","Outgoing","IT","BestCollege","Yes",1181,3281,5244,8998
"Weak","Outgoing","CS","Peters","No",6222,2266,7610,2496
"Weak","Nerdy","DataScience","Redbrick","Yes",9158,2798,2424,600
"Weak","Nerdy","IT","Redbrick","Yes",2308,8724,5250,622
"OK","Nerdy","DataScience","BYU","No",2292,1842,941,6493
"Weak","Confident","CS","Peters","No",2493,8060,2322,1170
"Weak","Shy","Stats","Peters","No",1429,5623,2118,8070
"Weak","Confident","IT","Redbrick","No",5588,9045,1057,5952
"Excellent","Confident","Stats","PJIT","Yes",8095,7452,8126,7990
"Weak","Outgoing","Stats","Redbrick","No",889,4135,8237,9544
"Excellent","Outgoing","CS","Redbrick","Yes",4093,4088,5552,1942
"Excellent","Outgoing","DataScience","BestCollege","Yes",7323,8193,2435,655
"OK","Outgoing","CS","BestCollege","Yes",9951,9183,8195,8903
"Weak","Confident","CS","PJIT","Yes",8248,6569,4839,1219
"OK","Shy","IT","Redbrick","Yes",1043,5459,5221,2166
"Excellent","Confident","Stats","BYU","Yes",9193,3427,1491,3443
"Excellent","Nerdy","IT","BYU","Yes",7071,7560,5631,1615
"OK","Shy","IT","Peters","No",5616,7070,363,150
"OK","Outgoing","DataScience","PJIT","Yes",8991,1952,7262,4796
"Excellent","Outgoing","IT","Redbrick","Yes",9629,6267,5398,2407
"OK","Outgoing","IT","PJIT","Yes",720,3815,5198,3273
"Excellent","Nerdy","DataScience","BestCollege","Yes",5089,4908,8844,6746
"Excellent","Nerdy","DataScience","BestCollege","No",3534,4993,3777,7263
"Excellent","Shy","DataScience","BestCollege","No",4318,9409,3709,9080
"Excellent","Confident","IT","BYU","No",4881,5455,3630,5945
"OK","Shy","Stats","Redbrick","No",6658,9413,4821,1021
"OK","Shy","Stats","BestCollege","No",963,2517,7337,4852
"Excellent","Shy","IT","BYU","Yes",5847,554,4789,1026
"Excellent","Confident","CS","Peters","No",8261,8226,1374,1741
"Weak","Shy","Stats","Redbrick","No",7358,4628,2169,8663
"Weak","Confident","CS","BYU","No",6618,2521,5367,7018
"OK","Shy","IT","BYU","Yes",8936,8943,6539,1801
"Excellent","Shy","CS","BYU","No",4110,3376,911,8706
"Excellent","Shy","CS","Redbrick","No",7345,4701,6650,6177
"Excellent","Confident","DataScience","Peters","Yes",6438,6311,6101,3244
"Weak","Shy","CS","PJIT","No",1241,633,1430,7807
"Weak","Nerdy","CS","Peters","No",4227,4644,2805,8589
"OK","Shy","IT","BYU","No",6852,9801,3374,5031
"Excellent","Shy","Stats","BYU","Yes",5472,8344,8168,2124
"Excellent","Outgoing","CS","PJIT","Yes",6794,5507,6320,5473
"OK","Confident","DataScience","BestCollege","No",1310,663,417,7034
"Weak","Nerdy","CS","Peters","No",2022,1195,561,7982
"OK","Outgoing","CS","BestCollege","No",136,1151,1269,3284
"Excellent","Shy","DataScience","BestCollege","Yes",7970,7554,8015,3746
"Excellent","Confident","IT","PJIT","2684",683,6382,2426,9998
"Excellent","Outgoing","IT","BYU","Yes",2504,4262,9469,2047
"Excellent","Outgoing","CS","BestCollege","2684",2544,8488,5236,490
"Excellent","Outgoing","CS","Peters","No",2871,2908,5441,6860
"Weak","Shy","CS","PJIT","Yes",9903,2973,8048,4912
"OK","Confident","IT","PJIT","Yes",2336,3190,9104,5810
"Weak","Shy","Stats","Redbrick","Yes",7119,4565,9306,8046
"Weak","Outgoing","CS","Peters","No",1622,739,4277,9415
"Weak","Outgoing","CS","PJIT","No",1043,9856,8115,3230
"Excellent","Outgoing","DataScience","BYU","Yes",1537,9600,5763,4245
"OK","Shy","Stats","PJIT","No",87,9862,799,6786
"Weak","Nerdy","DataScience","PJIT","No",8511,8102,4043,5391
"Weak","Shy","Stats","PJIT","No",4669,5546,1485,2525
"OK","Confident","IT","PJIT","Yes",3319,7564,6171,450
"OK","Shy","IT","BYU","Yes",8948,3501,5422,9381
"Excellent","Confident","DataScience","BestCollege","Yes",8673,998,9653,106
"Excellent","Confident","IT","PJIT","Yes",4077,2270,7982,4143
"Weak","Confident","DataScience","Peters","Yes",9469,3693,5638,4091
"OK","Outgoing","IT","PJIT","No",1210,8138,3832,1735
"OK","Confident","CS","BestCollege","No",7406,9706,4266,6194
"Weak","Shy","DataScience","PJIT","No",4360,5761,3383,8660
"Excellent","Nerdy","DataScience","Redbrick","Yes",1396,9876,5303,188
"OK","Nerdy","IT","PJIT","Yes",9319,3011,7191,579
"Excellent","Nerdy","IT","PJIT","No",9911,5860,74,4720
"Weak","Nerdy","DataScience","BestCollege","No",845,7896,4522,2391
"Excellent","Confident","IT","Redbrick","Yes",9811,3871,1980,7399
"Weak","Nerdy","CS","BestCollege","No",109,5367,621,5519
"Weak","Confident","Stats","BestCollege","Yes",9832,5610,4149,4936
"Excellent","Nerdy","IT","Peters","Yes",3082,7876,5438,9829
"Excellent","Shy","DataScience","Redbrick","Yes",9905,1332,4797,4688
"OK","Confident","IT","BYU","No",1487,1243,4800,5468
"Weak","Nerdy","DataScience","BYU","No",5939,9510,9967,8096
"OK","Nerdy","DataScience","BYU","No",3437,8922,790,9220
"Weak","Nerdy","IT","BestCollege","No",9409,4358,3045,9338
"OK","Shy","IT","Redbrick","No",1157,4321,2529,6458
"Excellent","Shy","IT","PJIT","No",7977,8621,5102,8336
"Excellent","Outgoing","DataScience","Peters","No",436,2183,2972,4976
"OK","Shy","Stats","BYU","Yes",632,1335,7616,8241
"Excellent","Confident","DataScience","PJIT","No",6397,8793,1506,1152
"OK","Nerdy","CS","Redbrick","Yes",9017,6903,5873,5364
"OK","Shy","DataScience","Peters","2684",5785,9533,2205,9612
"Excellent","Confident","IT","BYU","Yes",4100,3500,3358,1908
"OK","Shy","Stats","Redbrick","Yes",9004,9887,7984,6479
"Weak","Confident","DataScience","Redbrick","No",6772,6833,2120,3495
"OK","Shy","CS","Peters","Yes",8167,4122,555,2474
"Excellent","Shy","Stats","BYU","No",6193,4227,2935,8655
"Weak","Nerdy","DataScience","PJIT","No",8213,4038,2834,7887
"OK","Confident","IT","BYU","Yes",6086,4578,7233,3726
"Excellent","Shy","DataScience","PJIT","No",4524,9062,3635,2857
"Excellent","Nerdy","DataScience","BYU","Yes",3889,2894,9000,7275
"Excellent","Shy","Stats","Peters","Yes",8606,88,6251,4291
"Weak","Confident","CS","Redbrick","Yes",7133,2762,8173,8566
"Weak","Shy","CS","Redbrick","No",4999,2370,6082,6282
"Weak","Outgoing","IT","BestCollege","No",6771,4490,3692,4781
"OK","Shy","IT","BestCollege","No",69,4111,9250,8918
"Weak","Shy","CS","PJIT","No",7494,4460,3999,3319
"OK","Confident","CS","Peters","Yes",6464,5417,7983,6375
"Excellent","Nerdy","CS","Redbrick","Yes",9742,8304,4418,5463
"Excellent","Shy","CS","BYU","Yes",9625,4335,9736,2025
"OK","Outgoing","DataScience","BestCollege","Yes",8533,5634,4072,1482
"OK","Shy","IT","BYU","Yes",3702,795,5357,7202
"Weak","Confident","Stats","Peters","No",1720,8713,2486,1910
"Excellent","Confident","Stats","BestCollege","Yes",4002,3220,7905,7479
"Excellent","Outgoing","Stats","BestCollege","No",276,1381,401,5903
"Weak","Confident","IT","BYU","No",1554,9530,6911,303
"Excellent","Shy","Stats","Redbrick","Yes",8421,7139,8138,8044
"OK","Confident","Stats","PJIT","No",413,9689,3567,9556
"OK","Outgoing","IT","Redbrick","Yes",6657,4400,3458,1974
"OK","Nerdy","IT","BYU","Yes",8445,5578,2381,4201
"Weak","Shy","CS","BYU","No",3672,1963,3143,8755
"Weak","Confident","DataScience","Peters","No",6933,3768,4467,86
"Excellent","Outgoing","IT","Peters","No",1709,7215,3696,2121
"Excellent","Nerdy","Stats","BestCollege","Yes",8553,2854,1127,6818
"OK","Outgoing","IT","Redbrick","Yes",7805,184,2318,7251
"Weak","Confident","CS","Peters","Yes",8489,438,299,6831
"OK","Outgoing","CS","PJIT","No",443,3663,2225,6427
"Excellent","Outgoing","IT","BestCollege","Yes",5164,1031,3662,1607
"OK","Outgoing","Stats","Redbrick","Yes",8768,7545,3575,58
"OK","Outgoing","CS","BestCollege","Yes",6138,2454,4344,783
"Weak","Shy","CS","Redbrick","No",6322,2071,1292,1100
"Weak","Outgoing","Stats","Redbrick","No",3573,1086,3267,553
"Excellent","Outgoing","Stats","BestCollege","Yes",7861,8137,3576,2976
"Weak","Nerdy","Stats","PJIT","No",5907,761,7542,8000
"Weak","Outgoing","DataScience","PJIT","No",3215,5131,3662,6325
"Excellent","Nerdy","IT","Peters","No",6143,9607,4682,9148
"OK","Nerdy","Stats","Redbrick","Yes",579,7970,5109,2331
"OK","Outgoing","CS","PJIT","No",7586,9386,1041,524
"Excellent","Outgoing","Stats","BestCollege","No",1825,7829,818,328
"OK","Shy","Stats","PJIT","No",859,6523,4467,920
"OK","Outgoing","DataScience","BestCollege","Yes",9202,9027,1378,1034
"Excellent","Outgoing","DataScience","Peters","Yes",2895,7492,9903,3530
"OK","Nerdy","CS","Peters","No",9242,8801,3496,7456
"OK","Outgoing","Stats","Redbrick","Yes",7067,5218,8521,4473
"Weak","Outgoing","IT","BYU","No",7498,3855,3278,3684
"OK","Nerdy","Stats","PJIT","No",3205,9610,242,8444
"OK","Confident","CS","Peters","Yes",5526,9052,9720,5571
"Weak","Shy","DataScience","BestCollege","No",1377,8943,243,4951
"Excellent","Nerdy","DataScience","Redbrick","No",7469,7377,3154,9322
"Excellent","Confident","IT","BestCollege","Yes",7901,2040,1347,5810
"Weak","Shy","DataScience","PJIT","Yes",8813,4032,4811,3009
"OK","Outgoing","DataScience","BestCollege","Yes",2669,9546,9924,469
"OK","Shy","IT","PJIT","No",6095,4466,885,6107
"Excellent","Confident","DataScience","Peters","No",272,8963,2243,4299
"Excellent","Confident","CS","Peters","No",5137,6583,1961,2325
"Weak","Nerdy","CS","PJIT","Yes",2546,7937,6005,3283
"Excellent","Shy","DataScience","BestCollege","No",1751,3967,8616,5609
"Excellent","Outgoing","IT","PJIT","Yes",7542,6633,2034,2888
"Weak","Outgoing","IT","BYU","Yes",8854,8114,7537,5327
"Excellent","Outgoing","Stats","Peters","Yes",3882,4108,915,8838
"Excellent","Confident","CS","PJIT","No",2894,3287,4976,9558
"OK","Shy","Stats","Peters","2684",923,3783,8115,6699
"Excellent","Nerdy","Stats","BYU","No",2658,1932,715,3846
"OK","Confident","CS","BYU","Yes",2736,7375,5057,3517
"Excellent","Nerdy","Stats","PJIT","No",8007,3991,892,8448
"Excellent","Confident","IT","Redbrick","Yes",2933,3201,6469,7619
"Excellent","Outgoing","DataScience","Redbrick","Yes",1042,7524,5437,925
"Weak","Outgoing","IT","BYU","No",6218,5488,836,2864
"Weak","Outgoing","DataScience","Redbrick","No",3769,4838,5557,8942
"Weak","Shy","IT","PJIT","Yes",4947,5384,8684,8607
"OK","Nerdy","CS","Peters","Yes",6809,1834,57,4122
"OK","Confident","IT","PJIT","Yes",3812,318,2629,2680
"Excellent","Outgoing","CS","PJIT","Yes",4867,6573,9675,523
"OK","Nerdy","Stats","PJIT","No",4882,2727,1809,9859
"OK","Shy","IT","PJIT","Yes",8519,2407,3508,718
"OK","Nerdy","IT","BYU","No",3632,5606,288,8112
"Excellent","Outgoing","IT","Redbrick","Yes",9901,9191,690,610
"OK","Nerdy","DataScience","Peters","Yes",4623,3029,5611,4089
"OK","Shy","Stats","BestCollege","No",139,9306,9808,7021
"Excellent","Confident","IT","PJIT","Yes",1315,8069,8525,9277
"Excellent","Outgoing","CS","BestCollege","Yes",8703,9760,6220,8528
"Weak","Nerdy","IT","BYU","Yes",5442,6200,9635,1265
"OK","Shy","CS","BestCollege","Yes",2906,5521,9719,1639
"Weak","Outgoing","Stats","BYU","No",903,5243,3812,6471
"OK","Shy","Stats","PJIT","Yes",9104,3212,946,1389
"Excellent","Shy","CS","BestCollege","Yes",843,7913,9884,3806
"Weak","Confident","IT","Peters","No",1368,9842,9130,5189
"Weak","Outgoing","DataScience","BYU","No",5161,9610,2673,8272
"Weak","Confident","CS","BestCollege","Yes",7390,3363,9012,6183
"Weak","Nerdy","DataScience","BYU","Yes",6422,6867,316,3742
"OK","Nerdy","CS","BYU","Yes",7062,6327,7558,1426
"OK","Confident","CS","PJIT","No",3445,5505,1536,3354
"Weak","Shy","Stats","Redbrick","Yes",9037,3026,9332,9961
"OK","Outgoing","DataScience","PJIT","No",4168,5034,4813,9773
"OK","Shy","Stats","BestCollege","Yes",9741,5310,9961,2468
"OK","Confident","DataScience","PJIT","No",1087,1319,1845,9845
"OK","Confident","DataScience","Peters","No",232,7506,3317,3964
"OK","Nerdy","DataScience","BestCollege","No",6251,9179,126,4904
"Excellent","Nerdy","Stats","PJIT","Yes",1396,2795,7346,2535
"OK","Confident","Stats","Peters","No",7378,1737,1588,8859
"Excellent","Confident","Stats","Peters","No",204,4226,1364,493
"OK","Shy","CS","Peters","No",256,2453,4150,8157
"Excellent","Confident","IT","BYU","Yes",640,6971,5203,9451
"OK","Outgoing","Stats","BYU","Yes",1476,302,4344,509
"OK","Nerdy","CS","BYU","Yes",4022,8990,5152,2323
"Excellent","Shy","IT","BYU","Yes",6103,9893,5769,7920
"Excellent","Nerdy","IT","BestCollege","Yes",8478,9232,3278,81
"Excellent","Outgoing","DataScience","Peters","Yes",2294,5239,9316,1220
"Excellent","Nerdy","IT","Peters","Yes",9647,4967,5720,777
"Weak","Outgoing","Stats","PJIT","No",2795,6774,7132,8732
"Excellent","Confident","DataScience","PJIT","Yes",5013,9299,9373,3
"Weak","Nerdy","DataScience","BYU","No",2353,9720,3666,7950
"Weak","Shy","Stats","PJIT","No",2070,519,596,1153
"Weak","Confident","CS","PJIT","No",8746,7660,7524,8787
"Weak","Outgoing","CS","Redbrick","No",627,8611,580,1646
"Excellent","Confident","CS","Peters","Yes",5002,6485,8225,8279
"OK","Outgoing","DataScience","BYU","2684",9854,2839,7831,9513
"Excellent","Confident","Stats","PJIT","Yes",6545,3752,6376,6587
"OK","Shy","CS","PJIT","Yes",1113,5758,8635,5537
"Weak","Nerdy","Stats","BestCollege","Yes",6282,6638,9754,4925
"OK","Outgoing","Stats","PJIT","Yes",9509,5932,6920,1525
"Excellent","Confident","IT","BYU","No",4831,1994,2596,7575
"Weak","Shy","DataScience","Peters","No",6142,6930,4188,1637
"OK","Shy","Stats","Redbrick","No",963,2180,3140,9970
"Weak","Confident","DataScience","Redbrick","No",2450,2339,5753,8436
"Weak","Shy","Stats","BestCollege","No",5973,5474,4163,937
"Excellent","Confident","DataScience","BestCollege","No",359,671,7002,9226
"Weak","Shy","Stats","Redbrick","Yes",2325,4504,9931,7298
"Excellent","Confident","DataScience","Peters","Yes",8962,7926,7137,9954
"Weak","Outgoing","Stats","Redbrick","No",5663,9499,4102,1269
"Weak","Outgoing","Stats","Redbrick","Yes",9413,1529,391,1727
"Excellent","Nerdy","Stats","PJIT","Yes",8402,4377,7877,5598
"Weak","Confident","IT","BestCollege","No",960,8538,8568,9572
"Excellent","Shy","Stats","BestCollege","No",8174,5013,3571,9723
"Weak","Outgoing","IT","Redbrick","Yes",7201,2500,7340,3846
"Weak","Confident","CS","BestCollege","No",3741,1897,6544,5051
"Excellent","Outgoing","CS","Redbrick","No",5367,8883,3585,6932
"Excellent","Outgoing","Stats","PJIT","Yes",8272,321,8287,8905
"OK","Outgoing","DataScience","Peters","Yes",1282,3168,6328,1881
"Weak","Shy","Stats","PJIT","No",6306,2554,5074,875
"Excellent","Confident","DataScience","Peters","Yes",9958,8525,6999,6980
"OK","Outgoing","CS","BYU","No",562,6617,128,6650
"OK","Shy","DataScience","BYU","No",4045,6000,2050,3171
"OK","Confident","IT","BestCollege","Yes",9453,8946,1777,743
"Weak","Outgoing","DataScience","Redbrick","No",5890,7526,5471,9999
"OK","Confident","Stats","Redbrick","No",1642,8934,4024,8640
"Weak","Confident","CS","BestCollege","No",5792,7832,8620,9280
"Weak","Confident","Stats","Peters","Yes",9778,1426,2907,8895
"Excellent","Confident","Stats","Redbrick","Yes",6956,7454,3607,1453
"Weak","Outgoing","IT","Peters","No",2125,8522,5003,4088
"Excellent","Confident","CS","Redbrick","Yes",1332,889,9623,8967
"Weak","Nerdy","Stats","Redbrick","Yes",5118,2415,8461,4917
"Excellent","Nerdy","Stats","BYU","Yes",2128,5643,5541,5473
"Weak","Outgoing","IT","BestCollege","No",5952,454,3277,4063
"Weak","Confident","Stats","BYU","No",5003,2779,1831,1881
"Excellent","Outgoing","CS","BYU","Yes",1680,8802,8945,6417
"OK","Shy","IT","Peters","Yes",9710,9851,5966,1074
"Weak","Confident","Stats","PJIT","No",1963,7174,2616,9897
"Weak","Nerdy","IT","BYU","No",4195,9133,8989,8208
"Excellent","Outgoing","Stats","Redbrick","Yes",980,7499,9963,7485
"Weak","Outgoing","CS","BestCollege","No",6482,6258,7667,5404
"Excellent","Shy","CS","Redbrick","Yes",7079,3224,9871,7252
"OK","Nerdy","IT","PJIT","Yes",5295,6746,6544,2914
"Excellent","Nerdy","DataScience","PJIT","Yes",7255,1013,3780,979
"OK","Nerdy","IT","Redbrick","No",3902,7825,2575,6801
"Weak","Nerdy","CS","Redbrick","Yes",6956,9406,5073,2496
"OK","Outgoing","Stats","BestCollege","Yes",926,4111,8653,2545
"Excellent","Outgoing","Stats","BYU","Yes",6118,6097,7445,3995
"Excellent","Nerdy","IT","Peters","Yes",6290,938,3501,7446
"Excellent","Confident","IT","Redbrick","Yes",6995,5374,8690,205
"OK","Nerdy","IT","Peters","Yes",6419,8045,5913,1847
"Weak","Confident","IT","BYU","No",4501,9406,5583,5895
"Excellent","Nerdy","IT","Peters","Yes",7378,6435,3961,997
"OK","Confident","CS","Redbrick","Yes",6947,566,658,359
"Weak","Nerdy","CS","BestCollege","Yes",8858,1759,4993,4166
"Excellent","Confident","DataScience","BYU","Yes",6714,3369,4453,1147
"Excellent","Nerdy","IT","BestCollege","No",915,2898,7143,7249
"OK","Confident","Stats","BYU","Yes",2882,3483,9340,474
"OK","Nerdy","Stats","BestCollege","Yes",9555,6924,8149,6220
"Excellent","Shy","Stats","Peters","No",7048,1953,1983,7938
"OK","Nerdy","CS","Peters","Yes",5640,914,9676,5320
"Weak","Nerdy","DataScience","PJIT","Yes",9316,7094,5041,187
"Excellent","Confident","CS","BestCollege","Yes",8309,9457,8357,6770
"Excellent","Outgoing","DataScience","BestCollege","No",3640,9009,261,9839
"Weak","Confident","CS","Peters","No",1084,8716,109,6734
"OK","Confident","CS","BYU","Yes",7616,1128,3318,1823
"OK","Confident","CS","BestCollege","No",5441,2101,3678,9625
"OK","Confident","Stats","BYU","Yes",5675,7600,3482,983
"Weak","Outgoing","Stats","PJIT","No",2052,4461,233,7303
"Excellent","Outgoing","CS","Peters","Yes",8016,6350,7969,7777
"Excellent","Nerdy","IT","BestCollege","Yes",5595,9125,8843,1088
"Weak","Outgoing","IT","BestCollege","No",754,5726,4237,8605
"Excellent","Nerdy","Stats","Redbrick","No",1022,1467,2377,1089
"Weak","Nerdy","CS","BYU","No",1404,8477,6426,4934
"OK","Confident","Stats","PJIT","Yes",1027,8131,6776,5713
"Excellent","Confident","Stats","Peters","Yes",8225,9382,3523,2266
"OK","Outgoing","DataScience","BYU","Yes",6823,9659,8248,6070
"Weak","Nerdy","CS","Redbrick","No",8383,8025,3240,4034
"Weak","Outgoing","CS","BYU","No",1603,492,1184,5302
