Genre,Content,Audience,Income,RATING
Documentary,PG13,225.3,9185.74,Great
Documentary,PG13,4835.61,3249.46,Average
Action,PG13,6988.07,2910.27,Average
Documentary,PG,7418.04,4975.37,Average
Drama,PG,4626.78,6611.92,Average
Action,PG,4584.79,3253.89,Average
Documentary,PG,863.02,7587.8,Great
Documentary,PG13,9434.49,8589.55,Average
Documentary,PG13,3565.56,5641.18,Average
Action,R,1466.43,4629.34,Great
Documentary,PG13,7725.27,9682.26,Average
Comedy,R,633.02,143.82,Average
Action,PG13,3985.3,265.43,Average
Action,PG,316.98,4889.85,Great
Documentary,PG13,5366.59,9139.27,Average
Comedy,R,4287.36,6739.36,Average
Action,PG,7352.73,4012.93,Average
Drama,R,7641.53,3032.01,Great
Drama,PG13,6717.4,3788.69,Average
Comedy,PG13,2766.32,6794.59,Great
Comedy,PG13,522.4,6080.33,Great
Drama,R,5981.14,174.21,Average
Documentary,PG13,1582.8,2434.87,Average
Drama,PG,1385.61,7910.67,Great
Action,R,9864.14,846,Average
Comedy,PG,5493.45,7577.29,Average
Documentary,R,8005.15,9491.58,Average
Comedy,PG13,6676.16,6184.88,Great
Drama,R,3151.01,9179.74,Great
Comedy,PG13,4950.78,6233.3,Average
Action,PG13,2081.28,854.1,Average
Action,PG,3911.33,6784.16,Average
Action,PG,1641.19,3353.56,Great
Comedy,PG,2870.85,8631.87,Great
Documentary,R,5125.98,8072.31,Average
Action,PG13,520.15,7752.29,Great
Drama,PG13,3719.66,5960.46,Average
Comedy,PG,7257.63,5805.68,Average
Drama,PG,8959.15,4451.3,Average
Documentary,PG,2935.11,4442.05,Average
Drama,PG13,941.91,4078.74,Great
Drama,PG,6773.55,6413.59,Average
Documentary,PG,4507.29,5867.9,Average
Drama,PG,741.8,1178.09,Average
Documentary,PG,2971.53,2382.44,Average
Documentary,PG,7426.71,1794.65,Average
Drama,R,4523.4,3391.8,Great
Documentary,PG13,2948.92,4425.88,Average
Drama,PG13,7678.62,8025.67,Average
Documentary,R,9755.98,9542.13,Great
Documentary,PG,3417.51,3438.64,Average
Comedy,R,5970.79,4657.24,Average
Action,R,6206.09,9289.18,Great
Drama,R,7927.55,5891.12,Great
Documentary,PG13,8819.54,458.51,Average
Drama,PG13,6335.33,2791.87,Average
Drama,PG,7026.71,3840.94,Average
Drama,PG13,2279.29,2599.26,Average
Action,PG,7647.38,4029.1,Average
Drama,PG13,3935.08,8109.04,Great
Drama,PG13,5302.36,977.35,Average
Documentary,R,7191.65,6917.55,Great
Drama,PG13,8346.3,3126.02,Average
Comedy,R,1072.66,5349.95,Great
Documentary,PG13,8919.56,8918.61,Average
Documentary,PG,2933.8,6888.31,Great
Drama,PG,388.66,2665.36,Great
Action,PG,3971.33,133.73,Average
Documentary,PG13,3639.71,4498.56,Average
Comedy,PG13,5518,3346.04,Average
Documentary,PG,4725.82,7513.55,Average
Drama,PG13,128.12,8132.47,Great
Comedy,PG13,9641.84,2071.86,Average
Drama,R,5453.88,8716.93,Great
Action,PG,1982.19,1942.22,Average
Drama,R,8110.72,2110.61,Great
Comedy,PG13,248.76,8009.1,Great
Drama,R,1614.81,7786.34,Great
Action,PG13,788.53,6876.21,Great
Comedy,PG,1646.72,9086,Great
Documentary,PG,3025.71,527.6,Average
Action,PG13,2342.02,2063.82,Average
Action,PG,6327.3,6848.88,Average
Comedy,R,5866.79,1587.7,Average
Comedy,PG,2148.35,1259.83,Average
Comedy,R,4534.22,1039.74,Average
Documentary,R,336.92,1420.21,Great
Action,PG13,3812.13,7097.71,Average
Action,R,8734.56,1629.7,Average
Action,PG13,4611.47,3532.59,Average
Comedy,PG,789.42,9206.95,Great
Comedy,PG,6441.8,7223.62,Average
Action,PG13,4450.43,8965.36,Great
Documentary,PG,438,8931.21,Great
Drama,PG13,9068.37,395.33,Average
Action,PG13,4009.67,2197.65,Average
Documentary,PG,6068.11,4688.35,Average
Drama,R,8634.22,9976.03,Great
Drama,PG13,9193.14,5505.03,Average
Documentary,R,3873.61,6074.97,Average
Action,R,1005.17,6149.59,Great
Drama,PG13,7301.43,3961.34,Average
Comedy,PG,2078.08,497.64,Average
Action,PG13,3108.21,7759.28,Great
Action,PG13,6777.54,9857.67,Great
Drama,PG,1428.9,8349.28,Great
Comedy,PG,8713.96,1191.48,Average
Documentary,R,2979.71,6706.77,Great
Comedy,PG,7077.84,7926.85,Average
Drama,R,2980.32,2246.68,Great
Drama,PG,871.13,816.57,Average
Action,PG,6551.21,2628.68,Average
Drama,PG13,9379.84,1262.21,Average
Documentary,PG13,1376.17,2159.07,Great
Action,PG13,7209.38,1892.47,Average
Comedy,R,6753.37,4458.17,Average
Action,PG13,7606.79,862.4,Average
Documentary,R,7402.57,7782.43,Average
Comedy,PG13,3511.61,2740.65,Average
Drama,PG,7171.62,8452.78,Average
Comedy,PG,2266.42,8219.45,Great
Documentary,PG13,7796.02,9790.47,Average
Documentary,R,616.72,628.22,Average
Comedy,R,6247.99,376.16,Great
Action,PG13,9110.59,623.82,Average
Documentary,PG13,7632.27,6561.07,Average
Action,PG13,5918.09,3231.97,Average
Documentary,PG13,2009.03,8632.63,Great
Comedy,PG13,4510.67,4346.83,Average
Documentary,PG,8548.94,4560.45,Average
Drama,PG13,5424.94,9906.93,Average
Comedy,PG13,6895.44,5311.52,Average
Documentary,PG,5473.45,5603.31,Average
Drama,R,3573.58,2324.26,Great
Comedy,PG,4451.79,9412.34,Great
Comedy,R,9524.44,8730.92,Average
Action,R,7884.44,2216.78,Average
Comedy,PG13,204.49,7981.82,Great
Action,PG13,3915.02,4959.82,Average
Drama,PG13,1805.86,4968.58,Great
Drama,PG,5036.61,4668.94,Average
Action,R,6833.19,1436.3,Average
Documentary,PG13,9630.87,3970.19,Average
Comedy,R,2487.73,5871.27,Great
Drama,PG,376.69,9918.54,Great
Documentary,PG,2862.21,933.02,Average
Drama,PG,5443.4,3744.13,Average
Documentary,PG,5390.96,2038.79,Average
Action,PG13,6201.19,1967.84,Average
Action,PG,6393.79,4914.21,Average
Documentary,PG13,3352.16,9442.73,Great
Comedy,PG,4946.2,9513.04,Average
Documentary,R,785.67,3327.46,Great
Comedy,PG,8818.55,7848.24,Average
Comedy,R,5149.2,7810.66,Average
Drama,PG13,885.9,4792.93,Great
Action,PG,3117.97,6397.49,Great
Drama,R,1166.92,5104.05,Great
Drama,R,4629.73,1558.97,Great
Drama,PG13,6180.88,9039.68,Average
Action,R,5648.61,9175.53,Average
Drama,R,6905.5,6679.07,Great
Drama,R,1957.63,2233.79,Great
Drama,PG,1950.18,3559.5,Average
Comedy,PG13,7435.46,9725.25,Average
Action,PG13,9192.7,2750.92,Average
Comedy,R,8624.8,9979.57,Average
Comedy,PG,4705.34,938.58,Average
Action,R,4457.1,5601.46,Average
Action,PG13,362.44,4898.35,Great
Documentary,PG,5934.34,4734.7,Great
Comedy,PG13,9384.18,5488.44,Average
Action,PG13,9246.93,7330.12,Average
Documentary,R,1410.06,8100.6,Great
Action,PG13,1766.95,6849.19,Great
Documentary,PG13,8017.46,9013.55,Average
Documentary,R,8534.47,682.21,Average
Comedy,PG13,1827.78,1603.68,Average
Documentary,R,4568.48,5209.17,Average
Action,PG,2759.03,5920.72,Great
Drama,PG13,8349.62,2836.84,Great
Drama,PG,1827.81,4465.12,Great
Action,R,3286.77,5588.75,Average
Action,PG,558.93,6674.31,Great
Action,R,763.61,1701.57,Great
Documentary,PG13,9368.27,7015.41,Average
Documentary,R,9146.42,2339.16,Average
Documentary,PG13,4420.5,791.2,Average
Comedy,PG,816.99,1984.45,Great
Documentary,R,864.95,7650.58,Great
Comedy,PG,4262.92,3525.47,Average
Action,PG,4184.41,3446.36,Great
Drama,R,6153.83,4167.77,Average
Documentary,PG13,8719.55,8472.04,Average
Documentary,R,4796.24,9509.69,Average
Drama,PG,9657.6,3088.32,Average
Action,PG13,6204.67,5899.24,Average
Drama,PG,8955.71,2488.1,Average
Action,PG13,8131.49,2779.47,Average
Drama,R,3103.75,4359.79,Great
Drama,PG,4507.1,5016.26,Average
Drama,PG,2300.36,7862.5,Great
Action,R,8243.5,6708.82,Average
Documentary,PG13,6275.72,3860.15,Average
Drama,PG,2943.4,7704.62,Average
Comedy,R,6171.48,5038.35,Average
Comedy,PG13,8646.25,1117.51,Average
Action,R,829.56,6933.51,Great
Action,PG13,4083.17,6928.32,Average
Drama,R,6801.42,5879.96,Great
Documentary,PG,2574.59,9613.65,Great
Drama,R,2600.88,7047.62,Great
Drama,R,1283.49,6827.19,Great
Comedy,PG,2735.14,3826.71,Average
Documentary,R,943.9,357.61,Average
Drama,R,7176.9,7369.66,Great
Action,R,168.65,2785.45,Great
Documentary,R,3803.76,8751.61,Great
Comedy,PG13,4158.75,4421.48,Average
Action,PG13,5033.99,7416.4,Average
Comedy,PG,5873.54,5755.4,Average
Comedy,PG,4406.61,9215.93,Great
Action,PG13,9640.22,7820.73,Average
Action,R,4150.45,2328.37,Average
Comedy,PG13,4736.94,7772.31,Average
Documentary,PG,5575.38,6294.57,Average
Drama,PG,1433.61,5878.64,Great
Drama,R,8072.84,6989.36,Great
Documentary,R,9771.11,2785.33,Average
Documentary,PG,4227.44,8080.47,Average
Comedy,R,2176.25,1150.55,Average
Comedy,R,7739.08,1928.85,Average
Action,PG13,639.06,992.58,Average
Comedy,R,1167.15,4246.01,Great
Comedy,PG13,1420.25,898.6,Average
Drama,R,5394.25,9556.63,Great
Drama,PG,1909.26,4981.72,Great
Comedy,R,1448.93,4259.84,Great
Documentary,PG,8860.71,1491.84,Average
Comedy,PG13,5995.46,6983.2,Average
Action,R,351.48,7256.98,Great
Comedy,R,379.17,5424.54,Great
Action,R,3801.89,7873.16,Great
Documentary,R,5317.57,672.41,Average
Documentary,PG,4156.93,2400.47,Average
Comedy,R,1856.8,578.82,Average
Action,R,5162.4,2792.19,Average
Action,PG,8552.89,6895.82,Average
Action,PG13,7791.44,3603.77,Great
Action,PG,8715.05,1252.11,Average
Documentary,PG,6020.39,8383.94,Average
Comedy,PG,7304.63,2967.94,Average
Documentary,PG13,8022.91,8311.95,Average
Action,PG,8287.51,4501.85,Average
Comedy,PG,7778.96,926.77,Average
Action,PG13,9947.39,3484.35,Average
Drama,R,2715.27,4090.62,Great
Comedy,R,635.98,662.45,Average
Comedy,PG,9863.78,8319.15,Average
Action,PG,7162.14,5855.09,Average
Drama,R,8027.31,6706.52,Great
Action,PG13,9201.31,4901.88,Great
Drama,PG13,924.59,2179.98,Great
Action,PG13,9146.74,4784.31,Average
Drama,PG13,3132.3,6608.21,Great
Drama,PG,338.85,2456.12,Great
Documentary,R,3988.08,1430.68,Average
Documentary,PG,7014.33,7083.14,Average
Comedy,PG,9707.96,3142.78,Average
Documentary,R,3718.72,8844.59,Great
Comedy,R,3044.41,3796.46,Average
Documentary,R,471.61,4397.52,Great
Action,R,3512.07,718.59,Average
Documentary,PG,2983.62,3649.69,Average
Comedy,PG13,2075.07,953.02,Average
Comedy,R,1773.73,433.12,Average
Drama,R,9958.87,1485.06,Great
Documentary,R,587.38,4146.71,Great
Comedy,PG13,4431.6,2813.88,Average
Drama,R,2134.45,5864.77,Great
Documentary,PG,1626.63,4471.91,Great
Documentary,PG,2002.42,7834.47,Great
Documentary,PG13,4081.9,9343.28,Great
Documentary,R,8807.24,3443.31,Average
Documentary,PG,6849.36,3555.98,Average
Action,PG13,2097.79,5750.59,Great
Documentary,PG13,1141.56,3476.43,Great
Drama,PG13,9187.43,424.22,Average
Drama,PG13,9073.41,7555.44,Average
Drama,PG13,5763.32,229.32,Average
Action,R,1116.28,5537.1,Great
Drama,R,5956.77,5016.83,Great
Documentary,PG,6325.68,6648.34,Great
Drama,PG13,7416.69,1374.49,Average
Action,PG,9224.25,4519.65,Average
Action,R,8901.08,2321.81,Average
Action,PG,7145.9,8969.34,Average
Comedy,PG,6206.2,9597.33,Average
Drama,PG,5818.86,6926.46,Average
Drama,R,3365.55,2572.08,Great
Comedy,PG,9041.6,955.87,Average
Drama,PG,3074.23,8453.34,Great
Documentary,PG13,2680.74,3738.54,Average
Drama,PG13,1086.28,7012.21,Great
Documentary,PG,9063.14,9456.54,Average
Drama,PG13,7981.07,5694.49,Average
Documentary,PG,4810,2004.27,Average
Drama,R,3170.95,9351.81,Great
Comedy,PG,6126.12,4415.33,Average
Documentary,PG13,7184.96,6236.98,Great
Action,PG,2447.18,9992.69,Great
Documentary,PG13,1122.66,2479.81,Great
Documentary,PG,9803.8,2096.87,Average
Comedy,PG,5651.83,3305.55,Average
Drama,PG13,8015.05,2813.4,Average
Comedy,PG13,738.42,8193.99,Great
Action,R,1389.75,2800.93,Great
Documentary,PG13,5398.06,1287.86,Average
Comedy,PG,2019.83,8094.26,Average
Comedy,R,3258.09,1984.38,Great
Comedy,R,3891.77,1823.24,Average
Action,PG,2727.53,6390.84,Great
Action,PG13,9198.35,4418.95,Average
Documentary,R,9011.27,8694.14,Average
Action,PG,6891.55,9536.18,Average
Action,PG13,8954.68,9926.79,Average
Documentary,PG,3956.52,5186.02,Average
Drama,PG,3221.35,1904.59,Average
Action,R,8919.46,1447.61,Average
Comedy,PG13,5495.07,7534.22,Average
Comedy,R,4324.61,6510.48,Average
Drama,PG13,4099.01,2047.24,Average
Drama,PG13,6354.61,3629.21,Average
Action,PG,2692.26,8396.09,Great
Drama,PG,6030.19,6199.59,Great
Action,R,5266.38,5308.6,Average
Drama,PG13,1726.18,5355.1,Great
Drama,R,5214.12,8043.66,Great
Action,PG,4066,4066.58,Average
Action,R,9199.75,9622.77,Average
Drama,PG13,6677.01,1421.87,Average
Drama,PG13,3117,9074.65,Average
Action,PG13,6646.41,8939.9,Average
Drama,PG13,6177.54,9994.97,Average
Drama,PG,7362.99,8337.86,Average
Comedy,PG,7749.71,5907.62,Average
Drama,PG,136.67,783.81,Great
Drama,R,1117.13,6865.8,Great
Documentary,PG,7923.6,7400.08,Average
Drama,R,9536.27,1232.3,Great
Action,PG,8197.24,6375.86,Great
Action,R,7125.33,7693.82,Average
Action,PG,472,2425.7,Great
Drama,PG,6086.42,4321.02,Average
Documentary,PG13,4557.81,808.02,Average
Comedy,PG13,7330.91,6590.17,Average
Comedy,PG13,5382.07,8914.9,Average
Documentary,PG,6355.61,1840,Average
Action,PG,532.92,5686.32,Great
Comedy,PG13,2575.45,6914.2,Great
Action,PG13,3893.8,8650.2,Great
Comedy,PG,7922.88,3311.35,Average
Action,R,7811.72,835.4,Average
Comedy,PG13,9914.5,7311.3,Average
Action,PG,4795.15,2427.38,Average
Drama,R,5582.87,2887.75,Average
Drama,PG13,9787.59,4116.63,Average
Comedy,PG13,1287.96,3969.23,Great
Action,PG13,7389.45,1339.62,Great
Drama,PG,592.87,9304.94,Great
Comedy,PG,6098.63,7560.85,Average
Comedy,PG13,3919.79,1237.9,Average
Comedy,PG,8289.11,1508.16,Average
Action,PG13,3129.49,1921.33,Average
Comedy,PG13,7738.71,7169.94,Average
Comedy,PG13,9315.71,2231.34,Average
Action,PG,4235.76,621.07,Average
Drama,PG,4790.18,9286.48,Average
Drama,PG13,8012.68,9235.53,Average
Drama,R,9957.94,1647.75,Great
Documentary,R,230.61,5249.08,Great
Documentary,PG,3709.47,9290.15,Great
Comedy,PG13,2961.62,7546.32,Great
Documentary,R,389.88,7420.77,Great
Drama,PG,7198.13,9362.85,Average
Drama,PG,3552.82,7190.96,Great
Comedy,PG,2282.33,3194.43,Average
Action,R,2138.36,735.32,Average
Documentary,PG,1472.63,9051.14,Average
Documentary,PG,1687.73,7254.13,Great
Comedy,PG,3026.82,6665.07,Great
Comedy,PG,4183.87,2212.13,Average
Drama,PG13,3228.51,4540.71,Average
Action,PG,2424.77,4223.84,Average
Documentary,PG13,7973.19,1463.37,Average
Action,PG13,7667.69,4840.77,Average
Action,PG13,2535,6934.93,Great
Action,PG,1276.94,9746.39,Great
Action,PG,7747.97,1975.1,Average
Comedy,R,5376.56,1840.93,Average
Action,PG13,6478.29,5463.75,Average
Documentary,R,4864.18,1998.73,Average
Comedy,R,4763.31,2001.54,Average
Comedy,PG13,9900.45,2842.69,Average
Documentary,PG13,1971.68,4957.61,Great
Comedy,R,8014.68,439.6,Average
Comedy,PG13,4011.53,8621.56,Great
Drama,PG13,7766.31,8582.8,Average
Action,PG13,4289.81,1598.39,Average
Comedy,PG,7039.12,3461.78,Average
Comedy,PG13,7958.71,7112.87,Average
Documentary,PG13,8713.6,8157.67,Average
Drama,PG13,3482.04,3736.37,Average
Drama,R,7396.74,9901.53,Great
Documentary,PG,9592.76,3595.91,Average
Comedy,PG,7953.55,2634.72,Average
Comedy,PG13,8494.69,893.59,Great
Drama,R,9701.98,6765,Great
Documentary,PG,2900.14,9867.76,Great
Drama,PG13,7810.48,6959.37,Average
Action,PG,1295.77,8110.75,Great
Documentary,R,4501.19,8226.94,Average
Comedy,PG,6099.25,1730.6,Average
Action,PG13,9185.97,9771.74,Average
Comedy,PG13,3624.04,2809.43,Average
Comedy,PG,1995.99,772.33,Average
Action,PG13,9318.65,2397.37,Average
Drama,PG13,8892.41,2671.21,Average
Documentary,PG13,8271.27,1264.37,Average
Comedy,PG,6150.26,5355.87,Average
Comedy,R,8999.56,582.39,Average
Documentary,R,4627.23,371.89,Average
Drama,R,8325.08,5991.13,Great
Drama,PG13,6292.72,4266.43,Average
Drama,R,2086.14,1429.3,Great
Drama,PG13,7114.81,8066.84,Average
Action,PG13,4287.15,5081.91,Average
Action,R,5830.63,2260.06,Average
Drama,PG,6133.42,5728.85,Average
Documentary,R,4528.71,8497.53,Average
Comedy,PG,6048.16,4506.19,Average
Drama,PG,7054.09,1531.46,Average
Drama,PG13,789.82,8745.31,Average
Documentary,PG,6941.46,7292.71,Average
Drama,PG13,4821.52,8676.62,Average
Action,R,638.67,6628.69,Great
Documentary,R,6947.89,5860.14,Average
Comedy,PG,6484.74,7450.84,Average
Drama,PG,3166.02,9205.63,Great
Action,PG13,1787.12,1982.08,Average
Action,R,9487.33,3266.22,Average
Documentary,PG13,9191.26,6534.34,Average
Drama,R,4937.45,9850.98,Great
Action,PG,7890.28,409.77,Average
Action,PG,3502.1,4656.69,Average
Drama,PG,8108.36,1188.22,Average
Action,R,7813.04,9437.14,Average
Action,R,5568.18,7552.71,Average
Action,PG13,9258.77,4997.34,Average
Comedy,PG13,5090.63,5267.51,Average
Comedy,PG13,404.79,6913.32,Great
Comedy,PG,3974.76,3071.68,Average
Comedy,PG,8754.64,9191.84,Great
Comedy,PG,9558.28,5201.43,Average
Comedy,PG13,2944.21,166.91,Average
Comedy,PG,5409.91,9899.21,Average
Drama,R,5083.19,5661.05,Great
Documentary,R,9555.09,3999.85,Average
Drama,PG13,9204.41,2163.8,Average
Drama,PG,9442.48,6836.75,Average
Drama,R,6298.29,9591.13,Average
Drama,R,5044.47,7435.37,Great
Documentary,R,4579.26,8337.83,Average
Comedy,PG,7151.21,9977.78,Average
Action,R,3749.34,6559.51,Average
Action,PG,2901.92,7670.76,Great
Action,R,3995.64,1749.81,Average
Drama,R,5962.19,2441.46,Great
Comedy,PG,7159.92,2867.8,Average
Action,R,1810.25,3132.94,Average
Documentary,PG,5105.21,2478,Average
Drama,R,3891.81,3209.89,Great
Drama,PG13,5233.96,5210.72,Average
Drama,PG,3258.02,6656.13,Great
Action,R,3405.2,2674.53,Average
Drama,PG13,4798.68,6525.48,Average
Action,R,7887.01,1779.38,Average
Comedy,PG13,3241.46,2287.42,Average
Drama,PG,5466.79,5797.21,Average
Comedy,PG13,8640.66,8421.27,Average
Documentary,R,1888.49,2692.22,Average
Drama,PG13,1252.02,8525.78,Great
Comedy,PG,8824.15,986.37,Average
Drama,PG13,3389.51,3336.37,Great
Comedy,PG13,4524.13,3747.71,Average
Documentary,R,6804.18,2242.47,Average
Action,R,9141.54,2162.78,Average
Action,PG13,6911.14,4569.53,Average
Comedy,PG13,1501.11,9998.92,Average
Drama,R,4578.13,9881.22,Average
Drama,PG13,4551.04,7791.88,Average
Drama,PG,8839.11,8766.16,Average
Action,PG13,7126.01,2089.06,Average
Documentary,PG,3435.73,2251.99,Average
Action,PG,5706.56,4318.27,Average
Documentary,PG13,2474.04,3176.56,Average
Action,PG,4929.15,7504.55,Average
Action,PG,3156.41,2574.22,Average
Comedy,PG,456.89,8442.41,Great
Documentary,PG13,8672.26,6107.58,Average
Action,PG,1166.62,7202.28,Great
Documentary,R,7352.63,1794.51,Average
Action,R,2139.64,1085.92,Average
Comedy,PG13,1056.35,3196.99,Average
Comedy,R,815.78,8835.07,Great
Documentary,PG13,456.04,6996.28,Great
Drama,R,2562.98,5978.38,Great
Comedy,PG13,1369.41,3031.22,Great
Action,R,469.91,875.85,Average
Drama,PG13,8544.09,2112.02,Average
Drama,R,2498.56,5621.98,Great
Drama,PG,1341.21,3716.43,Great
Comedy,PG13,1951.72,4541.56,Great
Action,PG,5022.55,6738.32,Average
Comedy,PG13,9936.54,7774.78,Average
Drama,PG13,4010.09,7123.15,Average
Drama,PG13,1301.09,5126.39,Great
Action,PG,8124.02,4284.51,Average
Documentary,PG13,3484.43,4558.51,Average
Comedy,R,2397.31,5069.49,Great
Action,PG,4171.4,8260.63,Average
Documentary,PG,2623.26,6548.21,Great
Comedy,R,9088.71,6982.49,Average
Comedy,PG13,1296.42,4474.71,Great
Comedy,PG13,4530.16,8177.6,Average
Drama,PG,5610.32,2459.2,Average
Drama,PG13,6360.11,2869.43,Average
Documentary,R,3548.29,5970.2,Average
Drama,PG13,6118.03,3588.65,Average
Documentary,R,4134.59,3462.01,Average
Comedy,PG,7681.11,5848.33,Average
Drama,PG13,7540.64,7742.97,Average
Documentary,R,2063.06,7903.39,Great
Action,PG13,8499.41,9204.07,Average
Comedy,PG,3547.62,1222.99,Average
Documentary,PG13,8451.6,6359.27,Average
Action,PG,7654.56,8650.47,Average
Comedy,R,5215.67,5949.99,Average
Drama,PG,9833.72,2236.83,Average
Drama,PG13,6433.46,1114.56,Average
Action,PG,5790.78,991.72,Average
Comedy,PG13,3469.79,2279.15,Average
Action,PG,8080.07,6525.46,Average
Drama,R,7112.6,4055.51,Great
Drama,PG13,9980.82,6021.58,Average
Drama,PG,9924.71,5054.77,Average
Documentary,PG,6475.24,3234.86,Average
Comedy,R,3823.05,6707.64,Average
Comedy,PG13,3216.63,2892.4,Average
Action,PG13,8269.86,1653.21,Average
Comedy,R,7373.67,7788.77,Average
Action,PG,4191.35,1833.71,Average
Drama,PG,7455.19,2586.36,Average
Documentary,PG13,6582.65,1860.73,Average
Action,PG13,5476.38,2386.91,Average
Comedy,PG13,5440.95,8018.89,Average
Drama,PG13,4629.42,8889.9,Average
Drama,R,108.89,1500.79,Great
Action,PG,1482.82,7115.46,Great
Drama,PG13,3154.53,4346.16,Average
Drama,PG13,8042.26,8545.44,Average
Action,PG,9343.17,6733.86,Average
Drama,PG,6451.51,9357.84,Average
Comedy,PG,6370.28,9853.42,Average
Action,PG,7528.35,8753.8,Average
Comedy,R,8976.8,2970.29,Average
Comedy,PG13,8012.21,4072.77,Average
Comedy,PG,6902.39,7442.25,Average
Action,R,3883.28,9134.43,Great
Drama,R,9455.75,2542.4,Great
Comedy,PG,2793.62,7423.06,Great
Drama,PG,538.47,2554.08,Great
Drama,PG,1987.99,6687.29,Great
Documentary,R,8306.04,1367.78,Average
Documentary,PG,9543.65,8932.18,Average
Action,PG13,2848.1,569.75,Average
Comedy,PG,6856.97,2238.9,Average
Documentary,PG13,4509.46,3366.5,Average
Comedy,PG,4971.45,5953.68,Average
Comedy,PG,7912.88,915.74,Great
Comedy,PG13,2538.69,1792.81,Average
Action,PG13,6832.5,7825.23,Average
Comedy,PG,9767.12,1804.13,Average
Documentary,PG,3684.52,2550.4,Average
Action,R,3456.3,2590.44,Average
Comedy,PG13,5646.54,6169.2,Average
Drama,R,5204.86,314.76,Great
Drama,R,655.63,3154.28,Average
Action,PG,9587.66,3721.88,Average
Comedy,PG13,1903.18,7242.01,Great
Action,PG13,3216.12,4184.41,Average
Documentary,PG,3508.72,1371.41,Average
Documentary,PG13,7492.07,4454.94,Average
Comedy,R,8680.47,8699.73,Great
Drama,PG,6669.07,5011.74,Average
Drama,PG,1979.81,1501.4,Average
Action,R,3695.68,7513.74,Great
Documentary,PG,618.85,600.4,Average
Comedy,PG13,6335.44,4043.4,Average
Documentary,PG,3252.18,3773.92,Average
Comedy,PG13,1864.29,6290.13,Great
Action,R,2873.28,7325.92,Great
Documentary,PG,7828.85,4323.62,Average
Drama,R,168.33,5025.52,Great
Drama,PG13,4879.43,2489.4,Average
Drama,PG,3578.98,2447.66,Average
Comedy,R,1993.62,1507.59,Average
Drama,R,9026.6,6251.22,Great
Comedy,PG,4766.07,4649.75,Average
Drama,PG,5413.76,1429.57,Average
Documentary,R,3545.87,3543.69,Average
Documentary,R,8414.87,9107.98,Average
Comedy,PG,774.53,8189.22,Great
Drama,PG13,2887.54,930.1,Average
Comedy,PG,5137.18,8778.27,Average
Documentary,PG13,3692.24,3312.77,Average
Drama,R,7890.96,5674.58,Great
Drama,PG13,2716.5,6247.37,Great
Documentary,PG,4927.16,190.06,Average
Comedy,PG,6940.64,5554.6,Average
Documentary,R,2601.37,5959.65,Great
Action,R,6889.24,1659.38,Average
Comedy,PG,2078.86,5001.35,Great
Drama,PG13,2848.97,3182.44,Average
Comedy,PG13,1128.78,4985.7,Great
Drama,PG,6049.28,9759.51,Average
Drama,R,5723.22,9255.11,Great
Comedy,PG13,5340.81,5651.91,Average
Drama,PG,6982.53,343.44,Average
Documentary,PG,9016.97,3709.09,Average
Comedy,R,1316.25,9943.15,Great
Drama,PG,2102.87,9906.99,Great
Documentary,PG,3549.09,3436.94,Average
Documentary,PG,6212.42,6071.11,Great
Comedy,PG13,226.47,9852.62,Great
Drama,PG13,3974.3,1316.13,Average
Comedy,PG13,7505.39,7939.62,Average
Documentary,R,9423.99,5551.44,Average
Comedy,R,653.92,1379.26,Great
Action,R,2174.42,9722.8,Great
Comedy,PG,6394.05,2064.76,Average
Action,PG,2207.65,746.32,Average
Drama,PG,8765.55,2100.2,Average
Comedy,R,5968.82,3908.19,Average
Comedy,R,2556.5,3318.38,Average
Drama,PG,3735.65,5643.07,Average
Documentary,PG,7417.94,108.81,Average
Action,PG,8984.25,8716.08,Average
Comedy,PG,1269.69,185.24,Great
Action,R,2324.7,1785.27,Average
Drama,PG,510.71,3328.02,Great
Comedy,PG13,4666.45,9306.79,Average
Action,R,577.61,4907.81,Great
Comedy,PG13,4258.98,9425.96,Great
Comedy,PG13,4181.73,344.02,Average
Action,PG13,8737.49,1014.71,Average
Action,PG,1840.2,9933.42,Great
Documentary,R,7454.72,508.16,Average
Documentary,PG,1000.09,7456.4,Great
Documentary,R,8058.35,8147.95,Average
Action,PG,5318.07,3929.13,Average
Drama,PG,5511.83,8658.03,Average
Comedy,PG13,1007.98,7593.32,Great
Comedy,PG,9420.35,1809.22,Average
Comedy,PG13,9127.96,2357.18,Average
Documentary,R,7849.81,2647.97,Average
Comedy,PG13,7928.25,6203.87,Great
Action,PG,2981.71,9632.54,Great
Action,PG,9732.7,9306.74,Average
Drama,R,2304.61,5582.56,Great
Comedy,R,7090.58,9669.31,Average
Action,PG13,9842.49,5289.08,Average
Action,PG,3446.04,546.56,Average
Action,PG,9687.01,605.32,Average
Drama,PG13,4265.19,3283.96,Average
Drama,PG13,5489.13,4791.23,Average
Action,PG13,5279.24,5036.58,Average
Action,PG13,7591.22,9382.49,Average
Documentary,R,2479.74,4952.44,Average
Drama,PG,249.17,6111.6,Great
Drama,PG13,5128.18,9539.18,Average
Comedy,PG,1300.14,2204.09,Average
Drama,R,501,2235.42,Great
Action,R,9122.79,5077.46,Average
Comedy,R,7233.27,8349.2,Average
Drama,PG,2066.18,4391.1,Great
Documentary,PG,6402.62,6701,Great
Documentary,PG,4863.24,5663.73,Average
Drama,PG,6384.5,6489.74,Average
Comedy,PG,6257.46,7282.12,Average
Action,R,4029.57,804.26,Average
Drama,PG,3192.73,9062.54,Great
Drama,R,1756.15,6935.83,Great
Action,PG,4334.4,7306.14,Average
Documentary,PG13,425.8,6214.34,Great
Drama,PG13,8257.45,3079.92,Average
Drama,PG,9560.56,6244.42,Average
Action,R,6076.03,1019.27,Average
Comedy,PG,1454.69,640.37,Average
Action,PG,4029.07,7637.04,Average
Drama,R,5808.39,3023.84,Great
Drama,R,4856.21,6677.16,Great
Documentary,R,8150.11,1159.19,Average
Drama,PG,5327.32,7922.47,Average
Comedy,PG13,5831.95,6654.45,Average
Comedy,PG13,5158.06,4838.14,Average
Documentary,PG,7526,626.68,Average
Action,PG,2481.54,8593.65,Great
Action,R,6547.98,9293.9,Average
Drama,PG,9210.09,1309.26,Average
Comedy,R,9437.24,5083.63,Great
Comedy,PG,2211.51,7714.11,Great
Action,PG,5009.71,207.42,Average
Documentary,R,1377.98,5477.75,Great
Documentary,R,985.83,6342.71,Great
Drama,PG13,9541.17,3770.17,Average
Action,R,7048.25,3512.59,Average
Drama,PG,9815.94,4398.52,Average
Comedy,R,1322.21,2437.5,Average
Action,PG,7757.02,6786.05,Average
Action,PG13,8976.6,2198.21,Average
Action,PG,7341.13,438.34,Average
Documentary,PG13,3924.68,540.85,Average
Documentary,PG13,5059.59,1479.29,Average
Action,PG,5752.88,5337.77,Great
Comedy,R,8408.44,487.47,Average
Documentary,PG,2521.85,5861.51,Great
Action,PG,1635.64,6096.61,Great
Documentary,PG13,3268.11,3611.02,Average
Drama,PG,1519.49,3639.7,Average
Action,PG,394.51,8997.92,Great
Comedy,PG,8222.1,7085.41,Great
Comedy,R,396.15,4880.86,Average
Action,PG13,6246.54,1751.5,Average
Comedy,PG,2559.65,6838.43,Average
Documentary,PG,4872.45,1136.78,Average
Action,PG13,664.44,1359.07,Great
Drama,R,3039.59,2716.85,Average
Drama,PG,8189.15,5892.92,Average
Comedy,PG,9919.46,562.24,Average
Action,PG,7268.23,1606.65,Average
Drama,R,6312.41,2619.51,Great
Action,R,9955.06,1005.21,Average
Comedy,R,4911.22,9949.08,Great
Drama,PG,1636.77,1689.21,Average
Comedy,PG,4945.05,7189.93,Average
Comedy,PG,1088.67,4107.94,Great
Drama,PG,3657.72,6633.8,Average
Action,PG,4449.81,2154.02,Average
Drama,PG13,7713.7,2586.97,Average
Comedy,R,9056.36,8491.19,Average
Drama,PG13,8863.31,6541.87,Average
Drama,PG,355.21,7489.35,Great
Documentary,PG13,3037.04,1239.99,Average
Action,PG13,9349.56,1629.39,Average
Action,R,6985.17,4555.86,Average
Comedy,PG,2890.99,6896.99,Great
Comedy,PG13,4873.06,5054.8,Average
Action,PG13,3286.7,3353.23,Average
Action,PG13,6071.37,6760.59,Average
Comedy,PG13,2381.01,2659.85,Average
Documentary,PG,7773.63,3498.73,Average
Drama,R,6844.05,9300.82,Great
Documentary,PG,3432.79,1379.19,Average
Documentary,R,7375.07,3659.04,Average
Action,PG,5170.09,6950.24,Average
Drama,PG13,5645.14,5825.12,Average
Comedy,PG13,231.87,5249.36,Great
Documentary,R,102.3,6537.46,Great
Documentary,PG,7314.09,8295.33,Average
Documentary,R,1336.82,5138.56,Great
Drama,R,1299.44,6589.68,Great
Action,PG13,3975.32,8917.23,Great
Drama,PG,2801.5,4478.98,Average
Comedy,PG13,9549.15,3408.04,Average
Drama,PG13,2974.92,2304.19,Average
Documentary,R,9336.6,4149.23,Average
Action,R,576.74,3177.52,Great
Comedy,R,1628.75,591.85,Average
Comedy,R,9029.28,6115.62,Average
Documentary,PG,9985.15,2142.09,Average
Comedy,PG,1949.18,7319.67,Great
Drama,PG13,9182.88,1733,Average
Documentary,PG,1990.15,9781.68,Great
Comedy,R,7535.55,9887.24,Great
Comedy,PG13,7622.75,5805.47,Average
Action,PG13,4217.17,8359.39,Great
Documentary,R,2782.14,6029.03,Great
Action,PG,5501.44,6754.62,Average
Documentary,PG,4903.3,3419.35,Great
Drama,PG13,1894.23,9871.74,Great
Action,PG,6779.5,8440.16,Average
Comedy,PG13,6338.54,3159.52,Average
Drama,R,6241.3,9089.66,Great
Documentary,PG,4364.24,4111.19,Average
Documentary,R,4522.92,1923.23,Average
Drama,R,3178.13,8734.95,Great
Drama,R,3683.57,9462.23,Great
Comedy,PG,4353.19,9616.13,Great
Drama,PG,6320.21,9784.25,Average
Documentary,PG,131.79,4096.87,Great
Documentary,PG13,5216.49,4438.63,Average
Documentary,PG,4350.36,2671.3,Average
Drama,R,2183.8,3493.97,Great
Drama,PG13,1899,2924.49,Average
Action,PG13,5699.68,1855.1,Average
Comedy,PG13,1901.19,7072.8,Great
Documentary,PG,4809.59,6109.39,Average
Comedy,PG13,7334.94,8156.36,Average
Action,PG13,5097.45,2891.05,Average
Drama,R,2560.21,1962.89,Great
Action,PG13,4115.19,9138.65,Great
Documentary,PG,1474.91,6991.46,Average
Documentary,R,3349.58,3659.73,Average
Comedy,R,6642.36,1783.26,Average
Drama,PG13,8626.07,6466.66,Average
Comedy,R,2927.82,6652.86,Great
Drama,PG13,8872.64,8745.03,Average
Comedy,R,2984.25,548.84,Average
Drama,PG13,9130.9,4810.92,Average
Drama,R,3159.5,982.43,Great
Action,R,9443.16,6528.86,Average
Drama,PG,4863.02,1344.82,Average
Comedy,PG13,1117.67,4152.47,Great
Comedy,PG13,3371.26,6901.58,Great
Action,R,5467.4,1314.44,Average
Action,PG,877.97,150.69,Average
Comedy,PG,2078.43,6408.01,Great
Drama,PG,7275.37,6634.91,Average
Documentary,PG13,3312.08,9359.1,Great
Drama,R,5915.67,4824.4,Great
Documentary,PG,5651.98,3875.14,Average
Action,R,6121.81,593.29,Average
Drama,PG13,7100.22,6243.59,Average
Drama,R,6626.4,7350.84,Great
Drama,PG13,2208.94,8781.28,Great
Comedy,PG13,1300.88,693.56,Average
Comedy,PG13,5670.7,9373.1,Average
Drama,PG,5563.95,6537.69,Average
Documentary,PG13,551.15,4245.39,Great
Documentary,R,1869.56,3058.65,Average
Comedy,R,219.75,566.3,Great
Action,PG13,1352.27,4300.6,Average
Drama,PG13,5585.42,9019.71,Average
Comedy,PG13,322.42,4162.63,Great
Drama,PG13,4445.38,2600.62,Average
Action,R,1580.18,4512.33,Great
Comedy,R,7248.02,1063.87,Average
Drama,R,506.39,8745.78,Great
Drama,PG,6993.5,631.48,Average
Documentary,PG13,4406.39,9541.46,Great
Action,PG,2207.85,9248.08,Great
Documentary,PG13,4191.3,9771.03,Great
Documentary,PG13,6957.89,379.52,Average
Documentary,PG13,4212.95,9216.28,Great
Documentary,PG,1301.48,8064.32,Great
Comedy,PG13,1418.94,9822.54,Great
Comedy,PG,4571.86,8655.8,Average
Documentary,R,6940.49,186.15,Average
Action,PG,9315.34,7267.3,Average
Documentary,PG13,7185.55,2997.75,Average
Drama,PG,2458.98,6706.89,Great
Documentary,PG13,1381.69,3731.41,Great
Action,R,1314.33,7264.8,Great
Action,R,9302.12,115.52,Average
Drama,PG13,2742.76,4001.8,Average
Action,PG13,7285.26,8390.05,Average
Comedy,PG13,3847.02,8295.72,Great
Drama,R,9047.81,6048.19,Great
Documentary,PG,100.42,4448.39,Great
Comedy,PG,9169.12,2635.78,Average
Comedy,PG13,3126.56,4590.77,Average
Documentary,PG13,3685.86,1445.35,Average
Drama,PG,3923.69,7495.3,Average
Action,PG,2420.29,272.52,Average
Action,PG13,3496.17,3606.57,Average
Comedy,PG13,2501.28,9707.93,Great
Comedy,PG,8424.72,695.89,Average
Comedy,R,7330.09,2524.1,Average
Comedy,PG,8673.87,6565.71,Average
Documentary,PG13,3309.39,3195.5,Average
Documentary,PG13,9651.26,2836.06,Average
Documentary,R,6765.6,309.62,Average
Documentary,R,3120.18,8030.48,Great
Comedy,R,4765.26,1396.65,Average
Action,PG13,789.88,2497.04,Great
Action,R,9509.27,1940.6,Average
Comedy,PG13,5744.77,4960.63,Average
Drama,PG13,5287.15,5735.26,Average
Documentary,PG,1217.41,722.97,Average
Documentary,R,3069.21,8017.51,Great
Action,PG13,2951.06,5178.58,Average
Drama,PG13,7591.39,123.08,Average
Comedy,PG13,4074.67,5424.15,Average
Drama,R,1442.53,8864.15,Great
Documentary,R,8115.79,6772.51,Average
Drama,PG13,1519.67,4450.55,Average
Drama,PG13,9257.31,8129.33,Average
Comedy,R,4579.01,4977.01,Average
Documentary,PG,7016.19,2006.71,Average
Action,PG,4211.5,6976.41,Great
Documentary,PG,7776.01,3769.48,Average
Action,PG,9326.17,1626.3,Average
Action,PG13,807.07,9509.05,Great
Documentary,PG,7879.76,9699.57,Average
Drama,PG13,6295.6,9760.34,Average
Drama,R,9304.03,9750.75,Great
Documentary,PG,4269.46,4862.54,Average
Documentary,R,5038.39,4160.09,Average
Comedy,R,6231.14,4082.41,Average
Action,PG,7823.36,4335.44,Average
Action,R,5249.91,9554.75,Average
Documentary,R,6125.15,4710.19,Average
Comedy,PG,8323.1,2947.95,Average
Drama,R,9536.12,1012.01,Great
Documentary,PG,346.26,6237.28,Great
Drama,PG,3327.6,9488.57,Great
Comedy,PG13,9692.13,3935.16,Average
Action,PG,6957.54,7712.41,Average
Comedy,R,3044.41,4240.78,Average
Documentary,PG,5646.3,8122.81,Average
Action,PG,636.44,1386.82,Great
Drama,PG13,5448.98,2835.77,Average
Drama,R,7733.97,7650.15,Great
Drama,R,5342.04,8707.82,Great
Documentary,PG,3660.15,4078.33,Average
Drama,R,5494.18,1952.06,Great
Comedy,PG13,4037.06,2382.62,Average
Comedy,PG13,6020.43,1822.4,Average
Action,PG,4950.28,2620.9,Average
Documentary,PG,2051.8,3605.16,Average
Drama,PG,3985.87,1424.83,Average
Action,R,1501.62,2983.09,Average
Action,R,9814.95,8079.78,Average
Action,PG,4939.88,9710.88,Average
Comedy,PG,9567.68,6638.36,Average
Drama,R,3625.65,4803.31,Great
Drama,R,4649.93,9771.8,Great
Drama,PG13,4547.44,5531.12,Great
Drama,PG,8794.61,2677.7,Average
Documentary,PG13,7704.78,8392.65,Average
Drama,R,9187.3,5970.34,Great
Comedy,PG,8941.78,8187.5,Average
Drama,PG,6081.94,1892.82,Average
Documentary,R,4710.76,2676.52,Average
Action,R,7917.79,8569.95,Average
Comedy,PG,528.36,748.17,Average
Action,PG,5227.78,6790.72,Average
Documentary,PG13,2800.6,2899.34,Average
Action,PG13,5671.53,7994.54,Average
Documentary,PG,7515.79,2390.31,Average
Drama,PG,274.68,8088.57,Great
Drama,PG,4063.29,3913.48,Average
Drama,PG13,4108.46,5508.75,Average
Action,PG,524.37,2494.12,Great
Comedy,PG,4123,8215.33,Average
Action,PG,1998.76,7629.96,Great
Drama,R,5292.95,2696.21,Great
Drama,R,8485.21,4492.1,Great
Comedy,R,4855.42,8378.15,Average
Action,PG,9135.16,5022.6,Average
Drama,PG,1978.93,1573.04,Average
Comedy,PG,7848.14,4921.77,Average
Documentary,PG,5526.18,3748.66,Average
Documentary,PG13,6682.62,3067.77,Average
Documentary,PG,1586,1315.87,Average
Action,PG13,7871.3,5680.11,Average
Drama,PG,9139.42,1319.15,Average
Comedy,PG,7567.02,6483.91,Average
Comedy,PG13,117.82,6083.84,Great
Documentary,R,4407.19,7577.45,Average
Comedy,PG,6126.99,6951.91,Average
Comedy,PG13,1507.86,5613.29,Great
Comedy,PG13,1702.17,8725.21,Great
Drama,R,5525.56,168.52,Great
Documentary,R,9402.82,9748.94,Average
Documentary,PG13,3299.8,4772.06,Average
Drama,PG,6402.15,6789.48,Average
Drama,PG,5070.03,6627.3,Average
Comedy,PG13,2659.51,1520.5,Average
Drama,PG,7049.31,4672.05,Average
Drama,R,7827.22,8130.99,Great
Comedy,PG13,801.92,5649.13,Great
Documentary,R,1190.34,7163.97,Great
Documentary,PG13,1744.39,2110.24,Average
Drama,PG13,8144.57,2154.04,Average
Action,R,9253.44,7299.25,Average
Comedy,PG,3306.4,5008.89,Average
Action,R,7412.94,1331.64,Average
Documentary,PG,2903.47,9412.18,Great
Comedy,PG13,1781.51,1081.95,Average
Documentary,PG,720.48,5253.85,Great
Drama,PG,1313.32,7429.26,Great
Documentary,PG,1595.23,5061.94,Great
Documentary,PG,8872.49,9414.71,Average
Documentary,PG,2338.65,1837.74,Average
Action,R,8206.79,5583.73,Average
Action,PG13,8563.08,4527.53,Average
Documentary,PG,7935.92,7126.82,Average
Drama,R,9693.28,3567.63,Average
Action,R,9142.53,2813.7,Average
Comedy,PG13,8344.09,5848.38,Average
Action,PG13,5424.33,9585.71,Average
Drama,R,7019,8918.74,Great
Action,PG,6794.06,1523.93,Average
Documentary,PG13,3922.44,4955.24,Average
Drama,PG,9022.69,5401.54,Average
Comedy,R,2161.28,3634.72,Average
Drama,PG,4731.94,6650.48,Average
Documentary,PG13,6714.05,351.44,Average
Drama,PG13,2316.48,2190.46,Average
Action,PG13,3827.9,9623.82,Great
Comedy,PG13,5691.83,2000.84,Average
Action,PG13,9113.13,2564.31,Average
Comedy,R,2946.92,642.24,Average
Comedy,PG,2554.04,9752.86,Great
Comedy,PG,3209.25,2309.54,Average
Drama,PG,3019.55,6700.22,Great
Documentary,R,6731.94,7281.07,Average
Drama,PG13,5154.17,2264.81,Average
Drama,PG13,3343.03,9069.75,Great
Drama,PG13,3458.47,9051.27,Great
Drama,R,2853.62,3983.01,Great
Documentary,PG,2569.54,6230.45,Great
Documentary,PG13,2691.33,9808.46,Great
Action,PG13,782.62,3622.67,Great
Documentary,R,3805.13,6800.83,Average
Documentary,PG,6265.43,5881.64,Average
Action,PG13,9486.15,4564.78,Great
Drama,PG,3221.82,6438.62,Great
Documentary,PG13,1581.82,6267.52,Great
Drama,PG13,3113.82,2509.76,Average
Drama,PG,9282.77,8854.97,Average
Drama,PG,3468.07,5693.88,Average
Drama,R,6706.98,3832.23,Great
Drama,PG13,5269.15,1262.52,Average
Action,R,3273.84,3966.41,Average
Drama,R,8933.87,9578.24,Great
Comedy,PG13,4303.65,9250.15,Great
Drama,R,7393.62,3647.52,Great
Drama,PG13,9731.09,5017.94,Average
Comedy,PG,4311.17,8611.28,Average
Drama,PG,6243.43,1676.09,Average
Documentary,R,8844.63,9007.98,Average
Drama,PG,9693.13,8479.55,Average
Documentary,R,9548.51,2885.22,Average
Documentary,PG13,9230.14,5024.67,Average
Drama,PG,7022.86,6045.87,Average
Drama,R,4784.97,470.89,Great
Documentary,PG13,311.92,1892.17,Great
Action,PG,7186.58,7383.93,Great
Action,R,336.96,1098.98,Great
Documentary,PG,2308.09,7766.05,Great
Documentary,R,7714.42,9762.01,Average
Drama,PG,404.27,8736.14,Great
Action,PG13,7748.85,4382.32,Average
Drama,PG13,9396.33,7387.57,Average
Comedy,R,5052.66,8289.73,Average
Drama,R,7712.11,6646.79,Average
Action,R,6519.6,6114.44,Average
Action,PG13,7981.98,4858.53,Average
Drama,R,9983.24,4350.21,Great
Documentary,R,8510.72,2796.42,Average
Documentary,PG,6989.05,1851.8,Average
Comedy,R,7708.32,9104.33,Average
Documentary,PG13,5534.95,7212.53,Average
Drama,PG13,7561.94,4618.46,Average
Drama,PG,9166.07,2080.33,Average
Action,R,1914.45,3037.37,Average
Drama,R,7084.28,1990.46,Great
Drama,PG13,4796.24,3265.27,Average
Drama,PG,9339.28,6267.5,Average
Action,PG13,9401.27,8701.66,Average
Documentary,PG13,8622.54,7192.35,Average
Action,PG13,5758.41,3577.92,Average
Comedy,PG13,9225.49,9516.95,Average
Drama,PG,7997.36,1471.82,Average
Action,R,8596.82,8041.25,Average
Documentary,PG13,9959.28,6659.39,Average
Action,PG,5101.68,4171.52,Average
Comedy,PG13,3276.45,1997.73,Average
Drama,PG,4661.09,1602.99,Average
Drama,PG13,8216.44,8575.18,Average
Drama,PG13,2737.24,4170.97,Average
Documentary,PG,247.93,2717.98,Great
Documentary,PG13,2836.7,4897.39,Average
Comedy,R,4360.03,7205.03,Average
Documentary,PG13,6418.18,9478.3,Average
Action,R,7407.45,8708,Average
Documentary,PG13,9300.89,9284.54,Average
Documentary,R,6350.41,5668.3,Average
Action,PG13,106.41,5831.09,Great
Drama,PG,8233.8,4673.67,Average
Comedy,R,6816.99,7534.89,Average
Drama,PG13,785.61,457.98,Average
Drama,PG13,7366.77,2179.24,Average
Comedy,PG13,5653.96,2892.51,Average
Comedy,PG13,5168.64,8731.52,Average
Action,PG,6150.59,1671.18,Average
Documentary,PG13,163.9,2793.07,Great
Comedy,PG,9175.54,9227.43,Average
Drama,R,6738.09,3909,Great
Action,R,1219.08,6031.39,Great
Action,R,1692.69,7308.35,Great
Action,PG13,1121.72,5927.64,Great
Documentary,R,6268.3,8456.71,Average
Action,PG13,1807.76,6759.57,Great
Comedy,PG13,628.66,5417.99,Great
Action,PG,7480.14,9514.65,Average
Comedy,R,3522.18,3433.39,Average
Documentary,PG13,9214.81,6101.64,Average
Comedy,R,5205.24,305.44,Average
Comedy,PG,2629.55,8818.61,Great
Documentary,PG13,9218.24,7687.73,Average
Comedy,PG13,2573.32,3311.72,Average
Comedy,R,1064.97,9114.48,Great
Action,R,4599.73,6336.5,Average
Comedy,PG13,1696.63,7722.13,Great
Comedy,PG13,1376.06,4938.31,Great
Documentary,PG,1668.45,2227.61,Average
Comedy,PG,9587.2,9424.21,Average
Comedy,PG13,5654.36,6453.42,Average
Comedy,PG13,9154.12,4642.87,Great
Drama,PG13,8938.81,2598.07,Average
Action,PG,9120.23,6701.24,Average
Documentary,PG13,613.1,6954.27,Great
Action,R,4353.54,3920.87,Average
Drama,R,8779.82,983.12,Great
Documentary,R,8837.22,2783.28,Average
Action,PG13,3542.08,5031.3,Average
Documentary,PG13,9895.83,7353.63,Average
Documentary,PG13,5053.41,240.79,Average
Comedy,R,1859.14,9654.32,Great
Action,R,7012.3,8562.76,Great
Drama,PG,3718.68,676.17,Average
Comedy,R,1796.84,5363.84,Great
Comedy,PG,2620.47,5156.28,Average
Drama,PG,6230.84,934.04,Average
Action,PG13,253.47,3863.13,Great
Action,R,4327.52,6127.13,Average
Documentary,R,603.66,6413.41,Great
Drama,PG13,9753.53,3513.1,Average
Comedy,PG,2157.4,1132.42,Average
Documentary,PG13,3312.28,7980.35,Great
Comedy,R,553.53,2341,Great
Action,R,6797.71,215.52,Average
Documentary,PG13,934.54,5573.91,Great
Drama,R,6081.85,1848.81,Great
Comedy,R,1176.95,1510.29,Average
Drama,PG13,2744.36,9798.64,Great
Drama,R,5878.68,7335.68,Great
Documentary,PG,7849.08,5701.47,Average
Drama,PG,8294.18,5818.41,Average
Action,R,3003.22,2074.38,Average
Action,R,6533.74,9102.36,Average
Action,PG,793.91,6406.67,Great
Action,PG,7593.8,4418.09,Average
Comedy,PG13,6120.21,2235.59,Average
Drama,PG,2537.2,2636.46,Average
Drama,PG13,1135.79,2441.47,Great
Documentary,R,7479.39,9582.27,Average
Comedy,PG13,2178.59,6002.64,Great
Drama,R,4185.43,9219.95,Great
Drama,PG,9945.6,1179.7,Average
Action,PG13,3975.89,3379.65,Average
Drama,PG,5576.35,6622.45,Average
Drama,PG,7041.07,7138.03,Average
Documentary,PG,5313.48,7021.36,Average
Comedy,PG,5176.87,1061.29,Average
Action,R,8820.93,6474.01,Average
Action,PG13,9604.03,7760.06,Average
Comedy,PG,5180.61,6710.89,Average
Drama,PG13,7701.67,4407.86,Average
Documentary,R,8191.64,9428.72,Average
Drama,PG,4932.36,9525.84,Average
Documentary,R,5547.1,3359.01,Average
Action,R,6063.52,3423.38,Average
Action,R,9466.83,3894.94,Average
Action,PG13,5323.94,455.25,Average
Action,PG13,7057.04,7057.05,Average
Comedy,PG,6085.01,5055.81,Average
Drama,PG13,4177.85,7974.95,Average
Documentary,PG13,4226.37,525.01,Average
Drama,PG,7210.21,7960.97,Average
Comedy,PG13,8824.18,5233.22,Average
Action,PG,1999.93,3396.73,Average
Drama,R,1575.13,6558.6,Great
Documentary,PG,6774.9,1352.46,Average
Drama,R,680.99,6474.6,Great
Drama,R,8649.87,311,Great
Drama,R,3161.77,1047.42,Great
Drama,PG,3752.19,8693.41,Great
Drama,PG,2701.17,5628.34,Great
Drama,R,1645.54,5075.19,Great
Comedy,PG13,3460.18,5776.99,Average
Documentary,PG13,2096.24,3646.48,Average
Action,PG13,5932.84,7693.85,Average
Comedy,R,4390.73,2689.3,Average
Documentary,PG,6736.19,1589.38,Average
Documentary,PG13,3773.98,7884.31,Great
Drama,PG,8821.43,7330.16,Average
Action,PG13,9243.25,6815.66,Average
Action,PG13,721.4,3194.93,Great
Action,PG,9981.9,8950.8,Average
Comedy,R,212.51,8989.06,Great
Action,PG,2768.73,6259.85,Great
Comedy,PG,1729.57,3998.54,Great
Action,R,1233.46,1723.17,Average
Documentary,PG,326.95,7219.97,Great
Comedy,R,6898.81,1964.94,Great
Action,R,8351.31,4988.94,Great
Drama,PG13,783.07,6945.56,Great
Action,PG13,7151.34,8532.48,Average
Drama,PG,8536.6,7910.73,Average
Drama,R,6783.73,9987.33,Great
Drama,R,5242.12,6524.91,Great
Action,R,4098.8,4382.48,Average
Documentary,R,1715.25,7080.03,Great
Comedy,PG,1500.43,747.93,Average
Drama,PG13,5660.76,9944.93,Average
Documentary,PG,8216.94,5918.58,Average
Comedy,PG13,6728.07,6391.67,Average
Documentary,PG,828.16,6005.88,Great
Documentary,PG13,4931.25,9765.6,Average
Comedy,R,7776.3,8511.65,Average
Documentary,R,8001.75,379.96,Average
Documentary,R,127.61,9321.47,Great
Action,PG13,6061.98,2118.16,Average
Drama,PG13,6983.52,3476.18,Average
Comedy,PG,1911.42,841.78,Average
Documentary,PG,924.11,3300.61,Great
Comedy,PG,3960.79,8679.07,Great
Comedy,PG13,2829.77,3302.35,Average
Documentary,PG13,4907.45,5423.6,Average
Comedy,PG,1783.04,8635.45,Great
Comedy,PG,1854.66,7810.27,Great
Drama,PG13,1072.09,234.45,Average
Action,R,2947.25,7463.09,Great
Documentary,R,827.82,9489.99,Great
Documentary,R,642.27,9313.75,Great
Action,R,9520.49,9990.93,Average
Drama,R,349.64,1076.65,Great
Documentary,PG13,5955.92,2004.8,Average
Documentary,R,8117.41,7901.83,Average
Documentary,PG13,5522.6,7720.97,Average
Documentary,PG13,8589,8875.38,Average
Action,R,9194.48,4636.88,Average
Drama,PG13,6378.38,8933.77,Average
Action,PG,8761.32,9915.02,Average
Documentary,PG13,888.68,4309.62,Great
Comedy,PG,5157.58,5573.67,Average
Action,PG13,3122.08,184.3,Average
Comedy,PG13,8788.9,8655.9,Average
Documentary,PG13,865.99,8019.95,Great
Drama,PG13,7998.37,5113.47,Average
Documentary,PG13,7810.8,1370.51,Average
Documentary,PG,1211.96,6828.32,Great
Drama,PG,8406.94,6204.39,Average
Drama,R,4764.25,2031.01,Great
Comedy,PG,3724.27,3000.43,Average
Comedy,PG13,5276.12,7060.19,Average
Documentary,PG,896.94,9314.14,Great
Comedy,PG13,368.15,6470.09,Great
Action,PG13,6410.74,3036.74,Average
Drama,R,1595.55,6496.78,Great
Action,PG13,1566.73,508.97,Average
Action,PG,9359.83,6785.39,Average
Drama,PG,9748.49,193.02,Average
Documentary,PG13,4250.13,7956.14,Average
Action,R,3636.37,3496.31,Average
Documentary,PG13,5628.15,953.84,Average
Drama,R,4177.25,4084.04,Great
Action,PG13,8424.18,177.79,Average
Documentary,PG,1940.38,8955.99,Great
Action,PG,2488.58,2736.57,Average
Documentary,PG13,1998.49,3036.46,Average
Drama,R,5935.28,4309.31,Great
Drama,PG13,2715.22,1745.65,Average
Comedy,PG13,7072.67,2438.92,Average
Documentary,R,6853.16,7619.31,Average
Drama,PG,1167.22,1342.48,Great
Drama,R,2500.7,9339.64,Great
Comedy,PG,9553.26,7779.08,Average
Action,PG,5701.91,5133.56,Average
Drama,R,888.71,3038.71,Great
Documentary,R,4884.64,8380.93,Average
Documentary,R,865.25,7107.42,Great
Drama,R,7072.06,5294.46,Great
Documentary,PG,5603.75,8259.82,Average
Documentary,PG13,4051.67,1880.64,Average
Comedy,PG,4209.7,1388.71,Average
Comedy,PG13,6691.39,9038.82,Average
Drama,PG,4785.8,1202.05,Average
Drama,PG,1705.32,9167.03,Great
Action,R,7698.47,2471.12,Average
Comedy,PG13,7766.6,4245.79,Average
Action,R,5036.74,4645.31,Average
Drama,R,851.08,5420.96,Average
Comedy,R,4984.68,8445.79,Average
Comedy,R,2909.97,1217,Average
Comedy,PG13,6228.58,8583.32,Average
Documentary,R,5352.5,4964.27,Average
Action,R,6929.34,9478.77,Average
Drama,PG13,3834.06,3995.58,Average
Documentary,PG13,7837.3,5598.35,Average
Action,PG13,5506.16,5180.52,Average
Documentary,PG,6603.01,4054.73,Average
Documentary,PG13,1534.64,8470.51,Great
Action,R,6289.89,9903.13,Average
Action,PG,9426.34,6986.99,Average
Action,PG13,8947.57,7249.97,Average
Drama,PG,2470.24,5527.36,Great
Comedy,PG,4877.44,850.54,Average
Action,PG13,2059.01,5313.47,Great
Action,PG,9478.76,6531.89,Average
Drama,PG13,2969.51,854.94,Average
Comedy,PG13,2156.35,9264.88,Great
Drama,R,9173.32,3342.48,Great
Documentary,R,6001.38,5105.71,Average
Comedy,R,2471.13,8765.61,Great
Comedy,R,8178.72,3028.66,Great
Documentary,R,4922.23,4646.45,Great
Drama,PG13,3769.06,1415.98,Great
Documentary,PG13,4008.88,6096.41,Average
Comedy,PG,3204.76,4394.34,Average
Action,PG,3066.25,1206.42,Average
Action,R,5952.84,4465.12,Average
Action,PG,4281.8,8886.13,Great
Comedy,R,9161.52,468.39,Average
Drama,PG13,3487.43,9797.18,Great
Documentary,PG13,7101.26,2916.97,Average
Comedy,R,405.89,8898.01,Great
Action,R,1401.09,335.95,Average
Documentary,PG13,2363.48,9886.75,Great
Drama,PG,116.17,6484.45,Great
Comedy,PG13,3276.21,1915.17,Average
Documentary,R,6104.79,9508.45,Average
Documentary,R,9750.61,4198.74,Average
Action,PG,1075.18,400.13,Average
Comedy,PG13,5922.32,8348.45,Average
Documentary,R,4920.49,3470.98,Average
Comedy,PG,1735.67,5540.31,Great
Drama,PG13,2350.54,8171.98,Great
Action,R,9781.09,7031.92,Average
Documentary,PG13,3024.51,9283.79,Great
Documentary,R,8709.84,7420.55,Average
Action,PG,3321.76,7474.95,Great
Documentary,PG,6347.11,1119.35,Average
Drama,R,492.69,6795.1,Great
Documentary,R,5549.1,4957.32,Average
Drama,PG,7452.3,6828.78,Average
Drama,PG,7364.54,3932.22,Average
Action,R,6331.07,175.64,Great
Documentary,PG,7406.67,8063.17,Average
Documentary,R,5354.44,9173.1,Average
Documentary,PG13,4780.15,6117.55,Average
Action,PG13,6574.54,6416.99,Average
Drama,R,9775.01,1475.61,Great
Documentary,R,6417.2,3074.51,Average
Comedy,R,1512.43,4610.28,Great
Comedy,R,2021.56,9411.07,Great
Drama,PG13,5306.54,4291.89,Average
Action,PG13,2320.86,2076.12,Average
Documentary,PG,1217.9,4411.99,Great
Action,PG13,9474.56,9090.61,Average
Documentary,PG,2517.53,5651.84,Great
Drama,PG13,8083.56,1461.29,Average
Drama,R,591.96,3357.85,Great
Comedy,R,9350.31,1116.03,Average
Documentary,PG13,1094.9,8663.74,Great
Action,PG13,4059.29,8676.87,Great
Documentary,PG,5836.5,1504.22,Average
Comedy,PG13,3366.35,2361.46,Average
Drama,R,1050.87,4813.93,Great
Action,PG,9040.26,1269.94,Average
Comedy,R,6514.95,9658.75,Average
Drama,PG13,6469.44,2076.99,Average
Drama,R,1639.91,6818.41,Great
Documentary,PG13,9716.61,3512.94,Average
Action,PG13,6933.47,1384.19,Average
Documentary,PG13,4721.64,319.93,Average
Action,PG,2009.31,8451.15,Great
Drama,PG,1012.78,3644.82,Great
Comedy,PG,1209.63,944.34,Average
Comedy,R,6907.76,5460.23,Average
Documentary,R,5647.48,995.21,Average
Comedy,R,4298.12,8830.04,Great
Documentary,R,2366.75,7041.99,Great
Documentary,PG13,2609.44,1932.69,Average
Documentary,R,6790.67,8958.89,Average
Comedy,R,5983.8,4606.2,Average
Documentary,R,6839.75,5320.09,Average
Drama,PG,1077.48,2153.06,Average
Documentary,PG13,1231.25,3482.8,Great
Comedy,PG,729.82,1513.46,Great
Documentary,PG13,2253.67,7575.56,Great
Drama,PG,8655.22,6360.8,Great
Comedy,PG13,4425.55,8235.61,Average
Comedy,R,4647.86,1020.46,Average
Documentary,R,972.37,6561.54,Great
Documentary,PG13,936.44,8409.33,Great
Documentary,PG13,6374.09,4427.19,Average
Drama,PG13,5229.78,2782.15,Average
Comedy,PG,9058.81,5045.65,Average
Documentary,PG,7710.08,1479,Average
Drama,R,4038.75,1845.56,Great
Documentary,R,4409.69,2796.89,Average
Action,PG13,5001.83,7653.35,Average
Drama,PG,4837.31,7540.18,Average
Comedy,PG13,2420.54,9606.68,Great
Drama,PG,3959.96,9724.05,Great
Documentary,R,7853.68,5865.57,Average
Comedy,PG13,4155.49,9931.39,Great
Comedy,R,8689.4,887.91,Average
Comedy,R,9254.18,9962.02,Average
Action,PG,5773.58,8461.74,Average
Action,R,984.61,8006.93,Great
Drama,PG13,9774.99,9780.17,Average
Drama,PG13,4051.94,8757.85,Great
Documentary,PG,3832.44,5435.34,Average
Documentary,R,9394.02,5948.27,Average
Drama,PG13,7632.84,3888.39,Average
Drama,PG,7997.11,6844.25,Average
Documentary,PG,7513.88,4249.86,Average
Comedy,PG,8812.61,8527.18,Average
Action,PG,2672.39,3999.09,Average
Action,PG13,7639.67,3873.45,Average
Drama,PG13,4443.42,3380.09,Average
Comedy,PG,1417.14,9594.97,Great
Comedy,R,9346.05,4768,Average
Comedy,PG,3072.03,9906.38,Great
Documentary,PG13,8631.28,7880.88,Average
Action,PG13,1560.86,848.17,Average
Drama,R,2828.61,9869.58,Great
Comedy,PG13,5200.62,989.41,Average
Documentary,PG,4329.81,9748.63,Great
Comedy,R,6364.62,9128.48,Average
Action,PG,5755.73,3907.26,Average
Documentary,R,1101.36,6304.91,Great
Documentary,R,1072.8,7793.88,Great
Drama,PG,297.8,231.87,Average
Comedy,PG13,8337.88,7231.46,Average
Documentary,R,7892.9,687.21,Average
Documentary,PG,2461.08,6057.4,Great
Action,PG13,433.64,8564.35,Great
Documentary,PG,3135.92,3540.91,Average
Drama,PG,3533.05,293.9,Average
Documentary,PG13,8874.59,8327.19,Average
Drama,PG13,7906.72,5487.61,Average
Comedy,R,6390.53,2047.53,Average
Comedy,R,4132.08,3576.92,Average
Drama,PG,9499.61,4108.79,Average
Drama,PG13,2478.43,3220.8,Average
Documentary,PG,5919.91,3061.37,Average
Drama,PG13,7952.51,731.42,Average
Drama,PG,1383.82,5182.29,Great
Comedy,PG13,7819.4,5969.88,Average
Comedy,R,2213,3842.71,Average
Documentary,PG13,9337.64,3319.62,Average
Drama,PG13,5868.26,6213.62,Average
Action,R,7497.84,5182.29,Average
Drama,PG,6083.73,804.71,Average
Comedy,R,3201.77,5388.93,Average
Documentary,R,7481.21,6708.05,Average
Documentary,R,8300.68,7959.03,Average
Drama,R,1790.27,6456.77,Great
Documentary,R,477.44,7259.72,Great
Documentary,PG,8710.83,3161.27,Average
Drama,PG13,9660.31,6564.1,Average
Documentary,PG,7666.77,4943.5,Average
Action,PG13,1223.55,8799.99,Great
Drama,PG13,9656.87,4078.72,Average
Drama,R,8486.59,8452.25,Great
Comedy,R,5275.15,8481.28,Average
Comedy,R,8699.69,4629.8,Average
Drama,PG,8468.97,1058.99,Average
Action,PG13,1632.98,6544.47,Great
Action,R,1538.14,4001.66,Great
Drama,PG,2459.69,1839.54,Average
Documentary,R,535.75,7016.14,Great
Documentary,PG13,5981.73,904.68,Average
Drama,PG13,163.87,2550.5,Great
Action,PG,1481.52,8508.68,Great
Comedy,R,3185.23,9712.15,Great
Drama,R,6799.35,1831,Great
Drama,R,6025.67,8689.22,Great
Action,PG,7942.83,5106.24,Average
Action,R,9908.38,8085.1,Average
Action,PG,4137.15,7559.44,Average
Action,PG,1499.35,6014.33,Great
Action,PG13,7895.41,4306.92,Average
Documentary,R,7760.06,1037.48,Average
Drama,PG13,193.59,5552.91,Great
Documentary,PG13,6449.61,602.54,Average
Documentary,PG13,2551.01,8755.2,Great
Comedy,R,1996.79,5540.51,Great
Comedy,R,6832.71,9498.91,Average
Drama,R,8083.36,220.93,Great
Drama,R,255.84,2465.14,Great
Action,PG,9502.45,6093.72,Average
Drama,PG,7797.18,1544.14,Average
Action,PG13,8898.76,3101.43,Average
Documentary,PG13,3155.61,2343.82,Average
Drama,PG13,7215.42,2415.03,Average
Drama,PG13,140.27,4349.14,Great
Drama,PG13,8979.55,6779.43,Average
Documentary,PG13,1304.88,6160.92,Average
Comedy,PG13,3416.6,8497.18,Great
Documentary,R,7437.17,8145.74,Average
Comedy,PG,8870.47,5293.96,Average
Drama,PG13,1121.31,9851.79,Great
Documentary,R,8268.43,2803.68,Average
Action,R,789.27,1619.15,Great
Action,R,2929.74,987.22,Average
Action,PG,3883.8,7697.23,Average
Action,PG13,5660.88,4456.48,Average
Comedy,PG,6515.95,7433.36,Great
Documentary,PG13,7950.9,9780.36,Average
Drama,PG,6573.07,3376.04,Average
Comedy,PG13,1573.47,6194.15,Great
Action,PG,6166.66,736.32,Average
Action,PG,2576.92,1606.42,Average
Drama,R,1229.26,3467.82,Great
Drama,R,4963.77,3652.36,Great
Drama,PG,2650.05,4486.52,Average
Documentary,PG,9350.37,2376.28,Average
Drama,R,9032.73,8456.03,Great
Action,R,1974.6,4394.47,Great
Drama,PG,6916.94,7836.82,Average
Drama,PG13,4653,7755.53,Average
Documentary,PG,6757.08,9008.22,Average
Drama,PG,4456.92,5079.98,Average
Documentary,R,9912.23,4670.73,Great
Documentary,PG13,5257.15,5677.18,Average
Documentary,R,2829.01,6746.78,Great
Drama,PG13,5854.75,6937.97,Average
Comedy,R,4145.76,3086.22,Average
Drama,PG,8187.3,1157.91,Great
Action,PG,6096.45,5700.66,Average
Comedy,PG13,7156.34,7843.55,Average
Comedy,PG13,4976.85,6666.9,Average
Drama,R,1292.93,5338.45,Great
Drama,R,7203.79,8742.93,Great
Comedy,PG,9688.71,9505.88,Average
Drama,PG13,5387.72,3944.55,Average
Comedy,PG13,5965.25,4531.18,Average
Documentary,R,1153.69,7926.57,Great
Action,PG13,3986.04,5627.79,Average
Documentary,PG,5196.93,9337.27,Average
Comedy,PG13,4647.13,9370.67,Great
Drama,PG13,5938.19,2021.43,Great
Comedy,R,9179.8,7378.75,Average
Drama,PG,5404.36,6844.74,Average
Comedy,PG,4942.69,8675.6,Average
Action,PG13,9112.08,3726.47,Average
Action,PG13,4095.56,430.94,Average
Comedy,R,4478.5,5682.88,Average
Drama,R,2944,9777.01,Great
Documentary,PG,9321.39,4395.35,Average
Documentary,PG13,584.77,4972.97,Great
Documentary,PG,3760.69,5896.72,Average
Comedy,PG,4827.29,7723.49,Average
Drama,PG,8994.11,4640.13,Average
Drama,R,3548.01,6782.92,Great
Documentary,PG,2506.7,3450.86,Average
Comedy,R,2362.4,5583.25,Average
Documentary,R,9483.79,2349.34,Average
Documentary,PG,3600.09,5769.57,Great
Documentary,PG,3166.18,3250.3,Average
Comedy,PG,9863.06,4699.22,Great
Action,PG13,5603.83,6640.12,Great
Action,PG13,2072.19,7035.49,Great
Comedy,R,5847.71,425.34,Great
Drama,PG13,4428.04,4465.15,Average
Documentary,R,1234.95,9005.43,Great
Documentary,PG13,260.59,5726.8,Great
Documentary,R,7385.87,1828.19,Average
Documentary,R,8077.11,5786.75,Average
Documentary,R,7292.25,2031.4,Average
Documentary,PG13,9700.87,6631.09,Average
Drama,PG,9435.78,1953.15,Average
Documentary,R,4963.7,4825.35,Average
Comedy,PG,3252.49,2095.6,Average
Documentary,PG13,1994.74,4453.47,Great
Drama,PG,279.57,1817.13,Great
Drama,PG13,733.57,4786.13,Great
Drama,R,888.06,1391.12,Average
Comedy,PG,886.41,6890.69,Great
Comedy,R,1835.62,8199.77,Great
Comedy,PG,7831.26,6528.13,Average
Documentary,PG,8707.42,2007.47,Average
Comedy,PG13,4048.8,1747.31,Average
Documentary,PG,9737.94,7588.93,Average
Action,PG13,5205.09,4673.61,Great
Action,PG,7634.71,2517.46,Average
Action,PG13,7681.15,1798.52,Average
Comedy,R,8464.22,2010.45,Average
Comedy,R,8814.79,8980.81,Average
Documentary,PG13,4563.08,7649.66,Average
Action,R,6655.61,7890.4,Great
Comedy,R,1626.83,3842.58,Average
Action,R,5051.54,3389.23,Great
Comedy,R,4815.03,7141.71,Average
Documentary,PG13,205.68,2564.49,Great
Action,PG13,2136.04,4024.52,Average
Documentary,R,9201.93,6891.2,Average
Action,R,6329.99,363.63,Average
Drama,R,4463.08,8273.98,Great
Drama,PG13,4941.27,3746.98,Average
Drama,PG13,686.19,1199.15,Average
Comedy,PG13,6912.29,5823.79,Average
Drama,R,1463.84,9056.83,Great
Comedy,PG,1335.31,1580.62,Average
Action,PG13,2977.88,7512.71,Great
Documentary,PG13,2075.6,357.55,Average
Drama,R,3922.26,3013.54,Great
Action,PG,275.11,2523.35,Great
Action,PG13,2404.72,1102.34,Average
Drama,PG,2663.66,5727.66,Great
Action,PG,7354.53,3845.77,Average
Action,PG,3637.73,7350.21,Great
Action,R,7316.03,1916.41,Average
Action,PG,7846.14,3402.85,Average
Action,PG,4917.49,4264.26,Average
Drama,PG,565.27,2923.29,Great
Comedy,PG13,5623.07,4921.58,Average
Action,PG,344.65,6952.19,Average
Documentary,PG13,7222.55,4099.76,Great
Comedy,PG13,4827.21,2332.06,Average
Action,PG13,8028.58,9031.29,Average
Comedy,R,416.31,8879.04,Great
Drama,R,945.91,4741.47,Great
Action,PG13,671.52,2932.47,Great
Drama,PG13,5609.13,9020.26,Average
Documentary,R,6342.05,9604.83,Average
Action,R,3243.58,1320.14,Average
Drama,PG,6627.79,325.11,Average
Documentary,PG13,1466.21,7850.98,Great
Drama,PG,6181.98,3106.09,Average
Comedy,PG13,1759.88,4299.99,Great
Drama,PG,2488.99,8096.84,Great
Action,PG,5132.66,2698.94,Average
Drama,PG13,9719.15,315.92,Average
Action,PG13,6884.13,3549.75,Average
Action,PG,2339.07,8153.45,Great
Comedy,R,5947.18,8362.31,Great
Drama,R,2218.02,3863.38,Great
Drama,R,457.83,6930.92,Great
Comedy,R,4699.61,7323.06,Average
Action,PG,6358.49,9442.87,Average
Drama,R,8202.74,3019.28,Great
Drama,PG13,6863.77,5677.9,Average
Comedy,R,4761.79,8985.8,Average
Action,PG13,2184.03,9603.12,Great
Documentary,PG13,3898.35,1904.64,Average
Drama,R,4477.47,1487.31,Great
Action,PG,9159.38,7212.43,Average
Comedy,PG,7319.93,1628.31,Average
Comedy,PG13,6816.26,7451.92,Average
Documentary,PG,4863.15,2148.64,Average
Drama,PG,3480.83,5164.25,Average
Action,PG,6109.05,2250.23,Average
Comedy,R,5375.27,9736.06,Average
Documentary,PG13,8566.39,1510.45,Average
Drama,PG,3880.86,293.79,Average
Documentary,PG13,9246.91,4634.1,Average
Documentary,PG,5282.47,617.84,Average
Action,PG,7257.08,2839.56,Average
Documentary,PG,7160.07,8613.45,Average
Documentary,PG13,6848.16,3401.08,Average
Drama,PG13,3551.03,7254.07,Great
Action,PG13,2134.81,8849.91,Great
Comedy,R,3538.8,5400.31,Average
Action,PG,8244.69,8934.41,Average
Comedy,PG,4203.43,5396.86,Average
Drama,PG13,6533.05,9354.58,Great
Comedy,PG,3895.08,7855.47,Great
Comedy,PG,2201.65,4817.75,Great
Drama,PG,456.33,2070.73,Great
Action,R,566.2,9317.33,Great
Action,R,4880.1,7228.84,Average
Drama,PG13,7765.75,6735.34,Average
Action,PG,4390.11,7331.34,Average
Action,PG13,4423.98,9881.95,Great
Comedy,R,9087.16,5108.65,Average
Drama,PG13,5430.63,3184.86,Average
Drama,PG,3259.31,3574.63,Average
Action,PG,7264.75,4094.2,Average
Documentary,PG13,4848.67,1631.71,Average
Comedy,PG13,4848.92,3675.07,Average
Action,R,1323.86,3893.05,Great
Documentary,R,1578.56,8484.91,Average
Documentary,PG13,2923.29,6006.43,Great
Documentary,PG13,9068.53,6876.31,Average
Comedy,PG,6924.05,3149.58,Average
Comedy,R,415.82,248.85,Average
Drama,PG13,9659.82,4805.54,Average
Action,PG13,9944.49,4934.22,Average
Action,PG13,190,7870.18,Great
Comedy,PG,6678.21,3660.3,Average
Documentary,PG,4478.35,4719.24,Average
Documentary,R,9719.74,6511.79,Average
Action,PG13,5159.15,7178.49,Average
Action,R,7814.03,4687.68,Average
Comedy,PG,4158.83,7907.9,Average
Drama,R,3325.71,5959.79,Great
Comedy,R,1694.8,6315.74,Great
Drama,PG,6178.04,3212.04,Average
Drama,PG,9371.71,7638.19,Average
Comedy,PG13,7811.54,9546.47,Average
Drama,R,3400.9,925.4,Great
Comedy,PG,1504.72,9904.25,Great
Comedy,PG13,964.22,7845.39,Great
Documentary,PG13,2402.29,6455.69,Great
Documentary,R,8984.76,8096.81,Average
Comedy,PG13,4005.35,5613.2,Average
Drama,PG13,6941.79,5736.25,Average
Documentary,PG13,7054.54,7717.49,Average
Documentary,PG,8964.99,9607.68,Average
Comedy,PG,3367.47,7410,Great
Drama,PG13,2119.19,5154.68,Average
Action,R,8219.06,8674.26,Average
Action,R,3686.77,7265.21,Average
Action,PG13,3267.99,3245.27,Average
Comedy,PG13,2469.41,2485.47,Average
Action,PG,3951.87,1561.07,Average
Documentary,PG13,4130.1,6612.99,Average
Action,R,4693.9,128.09,Average
Drama,PG13,1365.94,475.74,Average
Documentary,PG,1723.37,4515.03,Great
Documentary,PG,3303.73,951.76,Average
Action,PG,625.05,4802.33,Great
Action,PG13,8939.75,1249.22,Average
Documentary,PG13,7659.9,2239.03,Average
Comedy,PG13,1199.9,1643.95,Average
Comedy,PG13,9565.86,4855.39,Average
Drama,PG13,9050.11,5848.53,Average
Action,PG,5667.08,7355.43,Average
Documentary,R,358.42,802.57,Great
Comedy,PG13,1800.97,549.73,Average
Documentary,PG,838.14,8823.02,Great
Documentary,PG13,2664.46,8837.01,Great
Comedy,PG,1000.78,2228.88,Great
Documentary,R,5459.76,1592.53,Average
Drama,R,5180.32,1726.92,Great
Drama,R,4326.47,6311.09,Great
Documentary,PG13,2068,5724.16,Great
Comedy,PG13,151.24,8665.48,Great
Comedy,PG13,3466.93,5669.32,Average
Action,PG,4162.54,1813.74,Average
Action,PG,5967.92,9791.35,Average
Comedy,PG,4193.99,5563.25,Average
Action,PG,1134.89,3654.52,Average
Action,R,5839.43,1713.13,Average
Documentary,PG,4178.31,5090.39,Average
Comedy,PG13,4465.86,3888.84,Average
Action,R,4836.87,8401.76,Average
Comedy,R,1660.65,7185.04,Great
Drama,R,1039.27,5383.64,Great
Action,PG13,3075.41,8947.58,Great
Action,PG,3729.32,912.76,Average
Drama,R,1730.13,4414.54,Great
Documentary,PG,228.63,7498.79,Great
Documentary,PG,2273.79,1853.13,Average
Documentary,PG,491.95,5689.04,Great
Comedy,PG13,344.81,6485.08,Great
Drama,PG,268.61,8140.52,Great
Drama,PG,1916.58,3323.74,Average
Documentary,R,2828.82,8102.81,Great
Comedy,PG,1702.14,6322.67,Great
Comedy,PG,1107.64,2201.46,Average
Documentary,PG13,1564.35,1025.01,Average
Documentary,PG13,4015.92,609.5,Great
Documentary,PG,1290.47,8879.57,Great
Action,PG,1128.56,1022.29,Average
Drama,R,7787.8,9979.91,Great
Documentary,PG13,785.48,8984.54,Great
Action,PG13,6080.54,9229.77,Average
Comedy,R,4978.68,9890.23,Average
Documentary,PG,1816.26,5970.51,Great
Comedy,R,1020.5,3440.54,Great
Action,R,4658.61,8191.18,Average
Comedy,PG,2727.29,5084.9,Average
Action,PG,7683.13,2134.13,Average
Comedy,PG,6531.47,7013.12,Average
Documentary,PG,4438.73,9830.28,Great
Comedy,PG,9291.58,4851.13,Average
Action,R,553.26,5854.09,Great
Comedy,PG,4700.45,4048.16,Average
Comedy,PG13,8106.62,9004.95,Average
Action,PG13,8133.96,4965.79,Average
Documentary,PG,6111.14,7570.52,Average
Action,PG13,5568.36,5920.91,Average
Action,PG,4749.84,5711.04,Average
Comedy,PG,7752.51,3286.55,Average
Comedy,R,7049.76,7916.56,Average
Comedy,R,5989.98,4704.94,Average
Documentary,R,8230.71,2567.26,Average
Drama,PG,1994.77,3012.91,Average
Comedy,PG,7259.14,6968.65,Average
Documentary,R,3778.03,6758.53,Average
Drama,R,6189.97,7010,Great
Action,PG,3365.11,2902.33,Average
Documentary,PG13,2498.01,5883.46,Average
Comedy,PG,8575.24,2434.93,Average
Comedy,PG,848.83,7257.69,Great
Drama,PG,884.88,4243.56,Great
Drama,PG,7097.77,8666.91,Average
Comedy,PG,5689.95,8447.69,Average
Comedy,PG13,4598.35,7320.78,Average
Drama,PG13,393.82,2370.25,Great
Drama,PG,2147.18,9711.95,Great
Documentary,PG13,562.99,9737.33,Great
Drama,R,713.49,5082.62,Great
Comedy,R,2679.96,1506.83,Average
Documentary,PG13,5671.11,9851.52,Average
Comedy,PG,3459.49,4671.28,Average
Drama,R,5888.29,7208.49,Great
Drama,PG,1681.8,9804.88,Great
Documentary,R,6441.29,3230.85,Average
Documentary,R,369.42,4534.05,Great
Action,PG,1541.42,7864.3,Great
Action,PG13,4713.74,4738.65,Average
Documentary,PG13,4858.81,2289.73,Average
Drama,PG,4578.42,3253.89,Average
Drama,PG13,2990.83,8107.68,Great
Comedy,R,5474.24,5961.92,Average
Action,PG13,573.56,4294.78,Great
Documentary,R,6131.92,9994.28,Average
Documentary,PG13,3491.36,1964.22,Average
Comedy,PG,1190.71,2133.05,Average
Comedy,PG13,120.34,6110.01,Great
Documentary,PG13,3467.5,8214.39,Great
Documentary,PG,3337.35,2608.46,Average
Comedy,PG13,2815.55,4516.98,Average
Comedy,PG13,9191.01,712.5,Average
Documentary,PG,9215.65,1190.51,Average
Comedy,PG,7566.97,5797.96,Average
Documentary,PG13,7472.19,1606.6,Average
Documentary,PG,1081.47,5261.41,Great
Action,R,1753.19,8160.19,Great
Comedy,PG13,1687.44,4753.7,Great
Comedy,R,5140.13,435.12,Average
Action,PG,1143.72,5474.72,Great
Documentary,PG,5067.85,9799.1,Average
Documentary,R,6409.89,2472.26,Average
Action,PG,7682.51,3622.67,Average
Action,PG13,5202.39,3517.57,Average
Action,PG13,1614.5,3629.1,Great
Drama,PG,1708.38,3084.3,Average
Action,PG13,733.32,8919.84,Great
Action,PG13,6114.72,7513.52,Average
Drama,PG13,3290.62,8359.57,Great
Action,PG13,4385.64,8269.22,Average
Action,PG,3778.09,2179.28,Average
Comedy,PG,807.23,4261.31,Great
Drama,PG,8525.15,4974.38,Average
Documentary,PG,8761.57,9807.41,Average
Documentary,R,2281.88,3467.13,Average
Drama,PG13,9714.6,4248.56,Average
Action,PG,806.28,5537.65,Great
Action,R,530.5,7934.26,Great
Drama,PG13,9793.33,9898,Average
Drama,PG,6166.74,9432.07,Average
Documentary,PG,8068.82,4103.31,Great
Action,R,3096.23,6251.54,Great
Comedy,R,5395.16,2038.2,Great
Action,R,5176.7,3744.31,Average
Action,PG,6097.88,3908.29,Average
Documentary,R,8709.13,8461.05,Average
Comedy,PG13,827.85,9262.27,Great
Documentary,PG,579.6,9576.75,Great
Comedy,PG13,8491.9,8037.72,Average
Documentary,PG,7841.27,2228.79,Average
Comedy,PG,5186.84,6024.71,Average
Drama,R,1900.56,2726.04,Great
Drama,PG13,6322.57,9852.42,Average
Drama,R,6836.14,1502.77,Great
Documentary,PG13,5433.93,7371.77,Average
Drama,PG,7553.71,3073.53,Average
Comedy,PG13,8390.26,5448.6,Great
Comedy,PG13,877.87,8314.17,Great
Action,R,5242.3,8486.79,Average
Action,PG13,9322.86,8467.11,Average
Drama,R,6723.69,4899.41,Great
Action,PG,3309.5,9004.28,Great
Documentary,PG13,8974.87,6134.15,Average
Drama,PG,5184.44,6217.19,Average
Comedy,PG,1138.95,4692.29,Great
Drama,R,1586.14,9625.65,Great
Documentary,PG13,4681.76,5095.82,Average
Comedy,R,4969.42,987.48,Average
Action,R,3962.58,2565.33,Average
Documentary,PG,3946.91,7146.28,Average
Comedy,PG,9694.79,6922.89,Average
Documentary,PG13,5646.17,4356.66,Average
Comedy,R,6510.11,6942.42,Average
Comedy,R,7018.62,6926.99,Average
Drama,PG13,236.46,4462.32,Great
Documentary,PG13,9067.72,4809.1,Great
Comedy,PG13,1235.18,8951.69,Great
Action,PG,7100.36,5951.31,Average
Drama,PG,1803.19,7277.04,Great
Action,PG13,5933.77,8122.64,Average
Drama,PG,9242.75,8962.63,Average
Documentary,PG,4186.03,6106.61,Average
Comedy,PG13,7218.78,8327.68,Average
Documentary,PG,3332.13,9384.15,Great
Action,PG13,3158.3,4555.22,Average
Documentary,R,6738.36,6827.39,Average
Documentary,R,7357.78,9085.97,Average
Comedy,PG,7078.96,9229.67,Average
Documentary,R,3728.98,4459.98,Average
Action,PG,8434.43,5321.26,Average
Drama,R,266.01,5294.7,Great
Comedy,R,4845.82,4330.47,Average
Comedy,PG,3404.16,128.2,Average
Documentary,R,2504.74,2577.39,Average
Documentary,PG13,6416.44,1496.63,Average
Drama,PG,4508.91,4506.37,Average
Documentary,R,4874.18,9966.68,Great
Comedy,R,9676.28,5755.03,Average
Action,R,1319.79,1895.73,Average
Drama,PG13,1832.99,2318.22,Average
Documentary,PG13,8791.41,9468.52,Average
Documentary,PG,6550.97,4901.85,Average
Drama,PG,1486,5869.97,Great
Documentary,PG,687.4,7585.2,Great
Drama,PG13,6429.67,5185.35,Average
Documentary,PG13,3813.35,7487.85,Average
Comedy,PG,9872.09,1216.85,Average
Comedy,PG13,426.76,7002.99,Great
Documentary,R,4000.54,8827.42,Great
Comedy,PG,5304.83,5350.95,Average
Documentary,PG,676.66,4046.9,Great
Comedy,PG13,3428.02,2189.15,Average
Documentary,PG13,2516.3,186.02,Average
Action,R,4418.22,2413.97,Average
Drama,PG13,196.36,4564.12,Great
Action,PG,2606.42,7684.48,Great
Drama,PG13,5676.29,1079.6,Average
Documentary,PG,7616.38,5990.27,Average
Drama,R,5596.64,1999.85,Great
Documentary,R,1946.46,681.47,Average
Drama,R,3905.24,4059.08,Great
Drama,R,9909.86,7035.22,Great
Comedy,R,7874.92,8584.1,Average
Documentary,PG13,4361.72,4471.31,Average
Action,PG13,4965.96,3093.14,Average
Drama,R,8491.37,6193.84,Great
Comedy,R,1340.21,1715.64,Great
Action,PG,9860.82,2943.75,Average
Drama,PG13,2315.33,7844.98,Great
Comedy,PG,4802.45,3909.11,Average
Documentary,PG,5655.07,3011.14,Average
Action,PG13,1588.88,5436.39,Average
Comedy,R,5785.96,6259.49,Average
Drama,PG13,2820.62,1491.55,Average
Action,PG13,9178.18,5408.55,Average
Drama,R,3780.89,4270.62,Great
Documentary,PG,9216.71,1561.03,Average
Comedy,PG13,1523.38,5791.66,Great
Action,PG,5341.59,1407.94,Average
Action,PG13,8991.07,4490.32,Average
Action,R,4390.65,1571.24,Average
Drama,R,9235.36,7039.93,Great
Action,PG,9317.17,2079.91,Average
Documentary,R,8590.84,1128.42,Average
Documentary,PG13,9648.89,4953.72,Great
Action,PG13,686.34,1221.99,Average
Documentary,PG,2600.87,9209.43,Great
Documentary,PG13,3357.29,4530.12,Average
Comedy,R,8359.44,7028,Average
Documentary,PG13,1432.98,4425.86,Great
Documentary,PG13,1027.89,579.91,Average
Documentary,PG13,8275.88,9769.62,Average
Action,R,7285.01,5535.46,Average
Drama,PG13,2998.68,5431.18,Average
Documentary,R,4422.53,1754.5,Average
Comedy,PG13,6573.13,8066.63,Average
Action,PG13,4479.33,8763.49,Average
Action,PG13,3992.55,9301.74,Great
Documentary,R,6616.72,1559.19,Average
Documentary,R,5061.89,9217.09,Average
Comedy,R,8990.79,3623.06,Average
Drama,PG,4176.56,5933.2,Average
Action,PG13,5614.95,5122.31,Average
Documentary,PG,2117.41,7318.05,Great
Documentary,R,9974.83,5058.03,Average
Action,PG13,1812.62,2934.06,Average
Documentary,PG,4450.77,1883.16,Average
