"Attendance","Music","DJ","Day","Rating","Ticket"
53,"Jazz","Alex","Thursday",2.44,5
86,"Techno","Ania","Saturday",4.08,8
41,"Techno","Carol","Friday",4.84,7
59,"Jazz","Rohit","Thursday",2.74,4
15,"Rock","Alex","Friday",2.39,3
46,"Rock","Mski","Saturday",1.41,5
39,"Rock","Rohit","Thursday",2.69,8
57,"Salsa","Rohit","Thursday",2.67,4
36,"HipHop","Carol","Saturday",2.09,5
99,"Jazz","Alex","Saturday",4.15,5
71,"Salsa","Carol","Saturday",3.56,1
53,"Rock","Alex","Friday",4.26,7
47,"Jazz","Ania","Friday",4.04,2
68,"Salsa","Rohit","Saturday",3.48,9
16,"Rock","Ania","Thursday",2.22,8
64,"HipHop","Alex","Thursday",3.33,5
35,"Techno","Mski","Thursday",2.01,3
43,"Rock","Carol","Saturday",1.42,2
57,"Techno","Ania","Saturday",4.69,7
85,"HipHop","Rohit","Friday",4.82,10
96,"Jazz","Rohit","Thursday",4.12,1
95,"HipHop","Mski","Thursday",4.73,5
66,"Salsa","Mski","Thursday",2.65,9
63,"Salsa","Carol","Thursday",1.23,1
22,"Salsa","Ania","Thursday",3.68,5
78,"Rock","Rohit","Friday",4.63,9
57,"Rock","Blue","Friday",3.9,3
43,"Rock","Ania","Saturday",3.12,10
94,"HipHop","Carol","Thursday",4.86,7
81,"Jazz","Mski","Friday",3.89,4
73,"Rock","Blue","Saturday",3.62,10
16,"Salsa","Alex","Thursday",2.91,4
29,"HipHop","Blue","Thursday",1.58,2
46,"HipHop","Alex","Thursday",2.17,6
30,"Techno","Ania","Thursday",2.12,2
60,"Techno","Rohit","Friday",4.5,10
43,"Techno","Rohit","Saturday",4.288842053,8
53,"Salsa","Ania","Saturday",2.71,1
91,"Salsa","Alex","Saturday",2.1,10
80,"Rock","Mski","Thursday",2.06,3
86,"HipHop","Rohit","Friday",2.16,10
42,"Rock","Ania","Friday",4.7,6
71,"HipHop","Alex","Friday",4.32,7
49,"Salsa","Carol","Friday",4.28,6
91,"Salsa","Rohit","Friday",3.04,1
66,"Jazz","Blue","Saturday",2.47,10
70,"HipHop","Carol","Friday",4.45,10
77,"Techno","Ania","Friday",2.74,3
40,"Salsa","Rohit","Saturday",4.66,8
59,"Salsa","Ania","Friday",4.81,8
86,"Techno","Carol","Friday",1.92,3
31,"HipHop","Rohit","Thursday",4.07,1
42,"Jazz","Carol","Saturday",4.42,7
28,"HipHop","Carol","Thursday",2.37,4
17,"HipHop","Mski","Friday",0.805,2
46,"Salsa","Alex","Thursday",4.68,6
14,"HipHop","Ania","Thursday",4.59,7
40,"Salsa","Alex","Friday",3.45,10
53,"Salsa","Carol","Saturday",3.89,1
87,"Rock","Alex","Thursday",3.48,1
52,"Jazz","Blue","Saturday",4.05,4
44,"Salsa","Carol","Friday",2.42,7
19,"Jazz","Carol","Friday",3.27,7
41,"HipHop","Blue","Saturday",2.27,3
69,"Salsa","Carol","Thursday",2.8,4
14,"HipHop","Blue","Friday",4.62,1
86,"HipHop","Carol","Friday",4.62,9
18,"Rock","Alex","Friday",4.92,5
11,"Salsa","Alex","Friday",4.79,9
91,"Techno","Blue","Friday",4.8128,4
57,"Jazz","Mski","Saturday",4.03,9
54,"Techno","Ania","Saturday",4.39,10
17,"HipHop","Carol","Saturday",3.34,2
34,"Jazz","Rohit","Friday",3.33,8
83,"Salsa","Blue","Saturday",1.82,5
96,"Techno","Mski","Friday",2.37,8
35,"Salsa","Rohit","Friday",4.71,7
47,"HipHop","Ania","Saturday",4.15,6
72,"Salsa","Ania","Thursday",4.08,7
11,"HipHop","Mski","Saturday",1.523,7
46,"HipHop","Alex","Saturday",3.85,10
21,"Rock","Alex","Thursday",3.35,9
81,"HipHop","Alex","Thursday",1.96,2
53,"Salsa","Blue","Saturday",3.43,7
55,"Salsa","Alex","Friday",4.16,9
84,"HipHop","Carol","Thursday",4.89,6
16,"Techno","Carol","Friday",4.42,1
32,"Rock","Rohit","Saturday",1.4,5
64,"HipHop","Ania","Saturday",2.08,2
42,"Jazz","Alex","Thursday",3.04,7
52,"Salsa","Alex","Thursday",2.11,2
70,"Jazz","Alex","Thursday",3.55,4
72,"HipHop","Mski","Saturday",3.813182466,3
67,"Rock","Ania","Thursday",3.42,9
37,"Salsa","Mski","Friday",2.76,10
92,"Jazz","Mski","Friday",4.02,1
60,"Techno","Mski","Saturday",1.03,4
68,"Salsa","Rohit","Saturday",4.74,9
48,"Jazz","Rohit","Friday",4.53,7
96,"HipHop","Rohit","Thursday",2.52,5
69,"Jazz","Rohit","Thursday",4.17,5
74,"Rock","Rohit","Thursday",1.24,4
37,"Techno","Alex","Friday",2.26,5
63,"Techno","Carol","Saturday",1.36,5
58,"HipHop","Alex","Friday",3.51,9
53,"Jazz","Ania","Thursday",2.01,1
77,"Techno","Blue","Friday",4.528,3
27,"Rock","Ania","Thursday",4.92,7
80,"HipHop","Carol","Friday",4.5,3
19,"Salsa","Ania","Thursday",2.951690006,5
67,"Techno","Blue","Saturday",4.3212,4
40,"Jazz","Rohit","Thursday",4.91,4
98,"Rock","Blue","Saturday",4,10
16,"Jazz","Ania","Friday",3.81,9
57,"Salsa","Carol","Friday",4.34,2
69,"Salsa","Blue","Saturday",1.16,4
22,"Rock","Carol","Thursday",3.14,10
50,"Salsa","Blue","Friday",3.72,9
99,"Jazz","Mski","Friday",4.67,2
77,"HipHop","Carol","Friday",4.46,10
80,"HipHop","Rohit","Thursday",3.31,5
38,"HipHop","Blue","Friday",1.65,5
22,"Techno","Alex","Friday",4.14,8
16,"Rock","Blue","Friday",4.31,8
83,"Salsa","Ania","Saturday",4.1,2
13,"HipHop","Blue","Friday",3.25,1
22,"HipHop","Blue","Friday",3.39,5
15,"Salsa","Alex","Friday",3.69,2
23,"Salsa","Ania","Friday",2.25,7
38,"HipHop","Alex","Friday",4.8,10
24,"Techno","Carol","Friday",3.08,10
100,"HipHop","Ania","Friday",3.58,4
61,"Jazz","Mski","Thursday",4.81,10
50,"Rock","Mski","Friday",1.94,5
89,"HipHop","Alex","Saturday",4.92,7
40,"Techno","Ania","Saturday",4.91,2
89,"Techno","Ania","Friday",1.96,4
71,"Rock","Rohit","Thursday",4.44,7
37,"Salsa","Rohit","Friday",3.85,6
88,"Salsa","Rohit","Saturday",4.81,6
80,"Rock","Mski","Friday",4.24,8
34,"HipHop","Ania","Thursday",2.49,3
28,"Salsa","Rohit","Friday",1.13,4
19,"Jazz","Blue","Saturday",2.08,8
14,"HipHop","Alex","Thursday",3.1,1
31,"HipHop","Blue","Thursday",4.49,5
50,"Salsa","Carol","Friday",4.23,6
80,"Jazz","Blue","Thursday",4.97,8
74,"Techno","Alex","Saturday",4.07,5
90,"Techno","Carol","Thursday",4.8,5
67,"HipHop","Alex","Saturday",2.97,9
85,"Salsa","Mski","Saturday",4.84,10
55,"Rock","Mski","Saturday",4.6,2
59,"Salsa","Blue","Friday",1.91,5
70,"Rock","Rohit","Friday",1.4,4
12,"HipHop","Mski","Friday",0.599,5
62,"Salsa","Blue","Thursday",4.2,8
23,"Salsa","Alex","Saturday",4.73,6
78,"Jazz","Rohit","Saturday",4.24,3
38,"HipHop","Rohit","Friday",1.97,2
77,"Rock","Alex","Thursday",4.5,7
49,"Jazz","Ania","Friday",1.77,4
40,"HipHop","Carol","Friday",2.4,8
94,"Rock","Rohit","Thursday",1.41,5
100,"Jazz","Carol","Friday",4.8,3
81,"Techno","Ania","Friday",3.7,2
31,"HipHop","Ania","Thursday",4.71,6
91,"Jazz","Ania","Thursday",2.4,8
82,"Jazz","Carol","Friday",4.22,6
45,"Jazz","Carol","Friday",3.02,9
65,"HipHop","Blue","Friday",2.58,9
18,"Techno","Rohit","Saturday",3.524735878,10
84,"HipHop","Mski","Saturday",4.173,10
30,"Salsa","Ania","Saturday",3.77,1
37,"Techno","Rohit","Friday",2.93,2
97,"Techno","Ania","Thursday",4.36,9
72,"HipHop","Blue","Friday",4.72,6
62,"Jazz","Rohit","Saturday",3.78,9
39,"Salsa","Alex","Friday",4.85,4
51,"Techno","Blue","Thursday",4.0004,5
37,"Salsa","Carol","Friday",2.38,7
50,"Jazz","Blue","Saturday",4.91,7
40,"HipHop","Carol","Saturday",3.43,10
70,"Jazz","Alex","Friday",2.97,2
83,"Jazz","Rohit","Saturday",2.8,7
88,"Techno","Rohit","Thursday",3.02,3
57,"Salsa","Carol","Saturday",3.11,9
92,"Jazz","Blue","Saturday",4.46,6
53,"Jazz","Mski","Friday",4.72,1
26,"HipHop","Rohit","Saturday",2.41,9
33,"HipHop","Mski","Saturday",2.637,10
42,"Jazz","Mski","Saturday",1.68,3
31,"Jazz","Ania","Thursday",3.85,2
91,"Jazz","Carol","Saturday",4.13,1
71,"Salsa","Blue","Thursday",4.07,9
56,"Salsa","Rohit","Friday",4.69,2
70,"Rock","Ania","Friday",3.45,6
90,"Techno","Carol","Friday",4.69,5
16,"Techno","Rohit","Thursday",4.62,6
15,"Techno","Alex","Thursday",3.73,6
37,"Salsa","Carol","Friday",4.13,1
81,"Salsa","Blue","Saturday",4.08,6
14,"Salsa","Rohit","Friday",4.7,6
71,"Rock","Blue","Thursday",4.36,10
29,"Salsa","Ania","Saturday",3.43,4
23,"Rock","Carol","Saturday",4.13,6
51,"Techno","Mski","Thursday",1.84,4
96,"Rock","Alex","Thursday",3.41,6
73,"Jazz","Blue","Thursday",3.58,9
70,"Salsa","Mski","Thursday",2.98,3
74,"Techno","Rohit","Thursday",4.77,8
24,"Jazz","Ania","Saturday",4.4,8
49,"Techno","Blue","Saturday",4.927877064,10
61,"Jazz","Ania","Friday",3.11,8
73,"Techno","Alex","Saturday",2.86,7
41,"Techno","Rohit","Thursday",4.14,4
35,"Techno","Ania","Thursday",4.59,5
43,"HipHop","Ania","Friday",3.8,6
37,"HipHop","Mski","Friday",1.848,2
76,"HipHop","Rohit","Saturday",4.85,6
45,"Techno","Ania","Thursday",4.3,1
83,"Techno","Alex","Thursday",3.24,2
71,"Salsa","Ania","Thursday",2.83,7
56,"Rock","Blue","Friday",3.79,4
44,"Salsa","Mski","Friday",2.92,3
15,"Jazz","Blue","Friday",4.61,1
50,"Jazz","Carol","Thursday",2.73,4
77,"Jazz","Ania","Friday",3.67,6
69,"Rock","Alex","Saturday",4.1,8
83,"Salsa","Blue","Thursday",4.110948004,7
13,"Techno","Blue","Friday",4.2574,7
89,"Jazz","Mski","Saturday",3.29,7
18,"Salsa","Rohit","Saturday",4.76,1
43,"Jazz","Mski","Thursday",4.84,6
61,"Techno","Rohit","Thursday",3.25,2
27,"Techno","Blue","Saturday",3.537,1
99,"Rock","Blue","Friday",4.83,10
32,"Techno","Mski","Saturday",2.52,1
53,"HipHop","Alex","Saturday",1.55,3
27,"Rock","Alex","Friday",4.54,6
36,"Salsa","Mski","Thursday",4.63,6
16,"Salsa","Ania","Saturday",2.81,8
50,"Salsa","Rohit","Thursday",2.69,7
30,"Jazz","Rohit","Saturday",2.69,7
23,"Techno","Alex","Thursday",4.29,4
11,"Jazz","Carol","Friday",3.04,2
80,"Salsa","Mski","Friday",3.38,5
88,"Techno","Blue","Thursday",4.7466,6
48,"HipHop","Blue","Friday",3.68,3
90,"Jazz","Mski","Saturday",4.86,5
82,"Salsa","Rohit","Friday",3.4,10
52,"Techno","Ania","Friday",3.58,6
40,"Techno","Ania","Friday",1.22,3
93,"Techno","Ania","Friday",1.43,3
74,"Jazz","Rohit","Thursday",2.82,6
98,"Salsa","Rohit","Thursday",3.22,1
67,"Jazz","Blue","Friday",4.33,10
76,"Salsa","Rohit","Saturday",1.06,3
77,"Jazz","Ania","Thursday",4.12,10
22,"Salsa","Mski","Friday",4.62,10
11,"Jazz","Rohit","Saturday",4.7,8
96,"Salsa","Blue","Thursday",4.26,10
85,"Rock","Carol","Thursday",3.87,3
79,"HipHop","Carol","Saturday",2.95,8
98,"HipHop","Blue","Friday",3.11,6
45,"HipHop","Rohit","Saturday",4.14,4
38,"Rock","Carol","Friday",2.97,1
49,"Techno","Alex","Saturday",4.24,7
58,"Techno","Ania","Thursday",3.92,4
43,"Jazz","Ania","Saturday",4.73,5
42,"HipHop","Ania","Thursday",4.06,8
26,"Jazz","Carol","Friday",4.86,7
19,"Salsa","Blue","Friday",3.42,7
41,"Salsa","Ania","Thursday",2.71,10
19,"Jazz","Rohit","Saturday",2.58,1
39,"Rock","Carol","Thursday",3.55,7
29,"Jazz","Carol","Thursday",4.55,5
59,"Salsa","Alex","Thursday",3.49,8
19,"Rock","Blue","Saturday",3.23,6
87,"HipHop","Rohit","Friday",3.7,2
68,"Salsa","Ania","Friday",4.38,10
54,"Techno","Carol","Saturday",3.93,2
27,"HipHop","Ania","Friday",3.06,1
61,"Salsa","Mski","Thursday",4.65,8
23,"Salsa","Carol","Thursday",4.92,7
17,"Rock","Rohit","Saturday",3.46,4
66,"HipHop","Mski","Saturday",3.2665,5
73,"Techno","Alex","Friday",1.28,5
88,"Techno","Blue","Saturday",4.7494,10
57,"Rock","Mski","Thursday",4.77,4
68,"Jazz","Blue","Saturday",4.75,6
93,"Salsa","Mski","Thursday",4.46,6
96,"HipHop","Mski","Saturday",4.7865,5
80,"Techno","Rohit","Friday",2.15,10
61,"Jazz","Carol","Saturday",2.39,4
64,"HipHop","Ania","Friday",4.93,8
45,"Salsa","Ania","Saturday",2.98,3
32,"Techno","Rohit","Thursday",4.877393524,3
55,"HipHop","Ania","Saturday",1.29,4
16,"Rock","Mski","Thursday",4.53,6
70,"Rock","Carol","Saturday",3.22,8
62,"Salsa","Rohit","Saturday",4.8,10
71,"Salsa","Rohit","Friday",4.43,5
43,"Jazz","Carol","Saturday",2.7,2
63,"HipHop","Mski","Saturday",3.113,5
35,"HipHop","Rohit","Saturday",3.65,3
80,"HipHop","Carol","Friday",3.13,10
86,"HipHop","Alex","Thursday",3.67,5
54,"Jazz","Blue","Thursday",3.42,1
56,"Salsa","Carol","Thursday",2.06,10
27,"Rock","Mski","Friday",3.94,2
48,"Rock","Carol","Saturday",2.17,1
89,"Jazz","Blue","Friday",1.96,2
90,"Salsa","Blue","Thursday",1.64,2
17,"Rock","Mski","Friday",4.54,8
75,"Jazz","Mski","Thursday",4.57,6
70,"Techno","Ania","Saturday",4.81,10
48,"Rock","Blue","Friday",4.88,6
24,"HipHop","Ania","Thursday",2.87,4
84,"Jazz","Blue","Friday",2.75,5
69,"Salsa","Mski","Friday",2.39,7
13,"Salsa","Carol","Saturday",2.3,6
37,"Jazz","Mski","Friday",4.86,5
21,"HipHop","Alex","Saturday",3.69,1
25,"Salsa","Ania","Thursday",2.86,3
86,"Rock","Alex","Friday",4.5,3
37,"Techno","Carol","Thursday",3.13,5
62,"Jazz","Carol","Saturday",1.27,1
68,"Techno","Alex","Friday",4.65,9
65,"HipHop","Ania","Saturday",2.05,8
77,"Jazz","Alex","Friday",4.768985649,10
95,"Rock","Carol","Thursday",1.85,1
87,"Jazz","Carol","Saturday",3.88,1
39,"Rock","Mski","Saturday",2.07,6
78,"Rock","Mski","Thursday",1.82,1
36,"Jazz","Alex","Saturday",4.24,6
42,"Techno","Carol","Friday",1.02,4
76,"Salsa","Mski","Friday",2.1,6
79,"Salsa","Ania","Thursday",4.75,10
16,"Techno","Carol","Thursday",2.75,3
68,"HipHop","Ania","Saturday",4,10
58,"Salsa","Ania","Saturday",2.1,10
84,"Salsa","Rohit","Thursday",4.2,1
92,"Jazz","Rohit","Saturday",4.41,6
64,"Jazz","Alex","Friday",4.82,10
63,"Jazz","Rohit","Saturday",3.33,3
73,"Techno","Blue","Saturday",4.4406,4
52,"Rock","Alex","Thursday",4.15,10
95,"Jazz","Rohit","Saturday",2.26,4
77,"Jazz","Ania","Friday",3.37,8
79,"Techno","Rohit","Thursday",4.07,10
85,"Jazz","Mski","Saturday",4.48,9
60,"Salsa","Mski","Saturday",4.99,5
41,"Salsa","Blue","Saturday",3.05,9
49,"Techno","Carol","Friday",4.77,7
49,"Salsa","Blue","Friday",2.54,8
28,"HipHop","Mski","Thursday",2.4,7
49,"Rock","Mski","Thursday",2.55,2
68,"HipHop","Ania","Thursday",4.65,9
95,"Rock","Rohit","Saturday",2.365571719,5
74,"Salsa","Blue","Thursday",3.55,5
59,"Rock","Mski","Saturday",5,7
80,"Techno","Alex","Friday",4.75,2
37,"HipHop","Alex","Friday",2.36,1
17,"Techno","Ania","Friday",2.9,9
33,"HipHop","Blue","Thursday",2.463773875,10
12,"Techno","Blue","Thursday",4.2394,8
91,"Salsa","Carol","Saturday",4.318437255,7
41,"Rock","Carol","Thursday",2.5,1
57,"Jazz","Alex","Thursday",4.29,6
38,"Salsa","Carol","Friday",4.11,6
88,"Salsa","Mski","Friday",3.19,6
57,"Rock","Ania","Thursday",3.75,4
88,"Jazz","Blue","Saturday",3.46,4
65,"HipHop","Carol","Saturday",1.971380149,10
15,"Salsa","Rohit","Saturday",3.74,6
84,"Techno","Mski","Saturday",3.99,1
35,"Rock","Rohit","Thursday",4.5,4
83,"Rock","Alex","Saturday",4.63,6
55,"Rock","Mski","Saturday",4.65,7
87,"Rock","Mski","Thursday",2.95,1
18,"Techno","Carol","Saturday",4.02,4
57,"Rock","Mski","Friday",3.9,5
70,"HipHop","Alex","Friday",2.1,10
93,"Techno","Ania","Friday",4.1,5
93,"Rock","Ania","Saturday",4.29,10
97,"Rock","Rohit","Saturday",2.61,8
48,"Jazz","Alex","Friday",4.2,6
94,"Salsa","Carol","Friday",1.41,4
90,"Techno","Mski","Thursday",4.41,9
34,"Salsa","Mski","Saturday",2.08,3
39,"Rock","Alex","Friday",3.33,8
81,"Techno","Blue","Friday",4.6086,2
59,"HipHop","Ania","Saturday",4.76,9
99,"HipHop","Blue","Saturday",3.41,2
32,"Salsa","Rohit","Friday",3.08,2
52,"Salsa","Alex","Thursday",2.53,9
52,"HipHop","Carol","Thursday",4.1,8
36,"HipHop","Carol","Thursday",4.33,5
46,"Rock","Rohit","Friday",3.01,3
18,"Rock","Alex","Saturday",2.22,10
52,"Jazz","Ania","Saturday",2.78,9
28,"Jazz","Mski","Friday",2.48,1
15,"Techno","Mski","Thursday",4.21,8
40,"Techno","Alex","Saturday",3.56,2
81,"Salsa","Mski","Saturday",4.83,1
93,"Salsa","Blue","Friday",1.71,4
80,"Rock","Carol","Saturday",3.24,10
56,"Techno","Blue","Saturday",4.1066,4
71,"HipHop","Ania","Thursday",3.19,6
54,"HipHop","Mski","Thursday",3.694,10
27,"Rock","Alex","Friday",2.96,1
96,"Techno","Carol","Thursday",3.42,9
89,"HipHop","Carol","Friday",3.83,4
21,"Jazz","Blue","Thursday",4.363171841,2
50,"Jazz","Carol","Friday",4.43,10
96,"Jazz","Ania","Saturday",4.68,6
62,"Rock","Blue","Thursday",3.66,10
44,"Techno","Ania","Saturday",4.28,3
18,"Salsa","Carol","Friday",3.7,2
94,"Techno","Blue","Friday",4.8776,6
76,"Salsa","Alex","Thursday",3.43,1
67,"Techno","Alex","Friday",4.92,6
20,"Salsa","Carol","Saturday",4.67,6
75,"HipHop","Blue","Saturday",4.39,4
12,"HipHop","Rohit","Saturday",1.3,1
20,"HipHop","Carol","Thursday",1.77,5
19,"Rock","Alex","Friday",3.68,1
39,"Salsa","Carol","Friday",4.000840424,9
18,"Salsa","Blue","Friday",3.06,5
77,"Salsa","Carol","Saturday",1.68,3
21,"HipHop","Rohit","Saturday",4.41,5
86,"HipHop","Blue","Thursday",1.87,4
77,"Rock","Carol","Thursday",4.518290715,6
84,"Salsa","Blue","Thursday",2.02,8
18,"Salsa","Rohit","Thursday",4.56,10
41,"Jazz","Rohit","Friday",2.92,1
29,"Techno","Rohit","Thursday",4.88,8
79,"Techno","Blue","Friday",4.5746,3
57,"Rock","Ania","Saturday",2.02,5
97,"Salsa","Mski","Saturday",4.861575594,8
54,"Jazz","Ania","Friday",3.02,5
88,"Techno","Alex","Saturday",1.35,4
83,"HipHop","Ania","Thursday",1.04,5
84,"Jazz","Rohit","Saturday",3.35,8
42,"Jazz","Alex","Friday",2.19,3
48,"Jazz","Alex","Friday",2.4,7
50,"Jazz","Blue","Thursday",2.53,6
63,"HipHop","Blue","Saturday",2.31,6
55,"Jazz","Ania","Friday",4.99,9
41,"Jazz","Mski","Friday",2.58,5
83,"Jazz","Rohit","Thursday",2.47,7
56,"Rock","Alex","Thursday",1.77,1
57,"HipHop","Ania","Friday",4.47,1
18,"Techno","Mski","Friday",3.65,9
14,"Jazz","Ania","Thursday",3.6,3
55,"Techno","Mski","Saturday",3.22,8
62,"HipHop","Rohit","Friday",2.32,2
97,"Salsa","Rohit","Friday",4.97,6
87,"Salsa","Ania","Saturday",4.11,10
73,"Salsa","Blue","Friday",3.25,1
57,"HipHop","Ania","Friday",4.19,8
27,"HipHop","Mski","Friday",2.341,9
92,"HipHop","Rohit","Friday",4.07,8
79,"Jazz","Ania","Friday",1.32,2
88,"Techno","Ania","Friday",2.58,9
60,"HipHop","Ania","Thursday",4.56,10
52,"Jazz","Carol","Thursday",3.17,4
41,"Rock","Carol","Friday",4.16,1
48,"Techno","Mski","Thursday",3.39,5
85,"Jazz","Ania","Thursday",4.89,2
36,"Techno","Blue","Saturday",3.7092,1
25,"Jazz","Mski","Friday",4.05,7
37,"Techno","Alex","Saturday",2.22,8
95,"Rock","Alex","Friday",2.61,3
94,"Jazz","Carol","Saturday",1.96,4
77,"Techno","Blue","Saturday",4.5206,4
54,"Jazz","Ania","Saturday",4.14,7
88,"Rock","Rohit","Saturday",4.43,9
53,"Rock","Carol","Saturday",2.98,5
45,"HipHop","Alex","Thursday",2.13,7
22,"Techno","Mski","Saturday",1.15,3
76,"HipHop","Ania","Thursday",2.43,1
68,"Jazz","Mski","Friday",3.1,2
88,"Techno","Blue","Thursday",4.7578,6
89,"HipHop","Mski","Thursday",4.438,7
77,"Techno","Ania","Friday",3.85,10
60,"HipHop","Carol","Saturday",4.23,8
96,"Techno","Mski","Thursday",1.74,1
93,"Jazz","Carol","Thursday",2.06,3
15,"Salsa","Mski","Thursday",4.97,7
43,"HipHop","Alex","Thursday",4.99,1
65,"Jazz","Alex","Saturday",3.66,9
45,"Rock","Blue","Thursday",4.82,9
90,"Salsa","Rohit","Thursday",3.89,1
78,"Techno","Mski","Saturday",2.34,8
62,"Salsa","Carol","Thursday",4.08,4
18,"Rock","Rohit","Thursday",4.564290502,3
22,"Rock","Rohit","Friday",1.48,2
61,"Techno","Blue","Friday",4.2098,3
72,"Techno","Rohit","Thursday",3.64,7
20,"Jazz","Ania","Friday",2.39,1
12,"Salsa","Ania","Friday",3.136720278,10
23,"HipHop","Alex","Thursday",3.55,10
55,"Salsa","Rohit","Thursday",2.38,4
97,"Rock","Rohit","Saturday",3.6,3
61,"Jazz","Mski","Friday",4.15,7
33,"Salsa","Blue","Thursday",4.12,7
52,"Rock","Rohit","Friday",4.3,9
75,"Salsa","Carol","Saturday",2.6,2
20,"HipHop","Alex","Saturday",4.8,6
49,"Techno","Ania","Thursday",4.79,9
91,"Techno","Ania","Saturday",4.29,8
95,"Rock","Alex","Thursday",3.373026935,7
36,"Techno","Rohit","Saturday",1.16,2
46,"Rock","Alex","Saturday",4.41,8
39,"HipHop","Ania","Thursday",4.7,9
74,"Techno","Blue","Thursday",4.4734,5
44,"Salsa","Rohit","Thursday",3.345230597,6
16,"Jazz","Alex","Saturday",2.63,2
89,"Techno","Alex","Saturday",3.96,10
96,"Jazz","Alex","Thursday",4.89,2
88,"Jazz","Ania","Saturday",4.08,9
75,"Rock","Carol","Saturday",3.04,5
53,"HipHop","Alex","Saturday",3.29,9
87,"Rock","Carol","Thursday",2.19,5
80,"Rock","Ania","Saturday",4.94,1
83,"Jazz","Mski","Friday",3.04,9
35,"Rock","Rohit","Friday",2.68,7
26,"Jazz","Ania","Saturday",4.51,3
32,"Jazz","Mski","Saturday",4.51,2
47,"HipHop","Carol","Friday",3.282009757,1
27,"Salsa","Mski","Friday",3.8,9
83,"Rock","Rohit","Friday",4.72,1
50,"HipHop","Alex","Thursday",4.49,3
27,"Techno","Rohit","Thursday",3.53,6
63,"Rock","Rohit","Friday",2.02,7
43,"HipHop","Carol","Thursday",3.17,9
23,"Salsa","Ania","Friday",2.79,9
54,"Techno","Carol","Thursday",1.442829765,5
74,"Jazz","Mski","Saturday",4.47,7
93,"Rock","Alex","Thursday",3.15,6
77,"Techno","Blue","Saturday",4.5206,6
14,"HipHop","Rohit","Friday",2.06,2
66,"Salsa","Blue","Saturday",4.14,6
78,"HipHop","Alex","Saturday",4.94,2
27,"Salsa","Carol","Friday",4.87,9
28,"Rock","Rohit","Thursday",2.37,9
76,"Jazz","Blue","Thursday",3.61,4
93,"Salsa","Carol","Saturday",4.8,7
52,"Jazz","Alex","Saturday",2.7,4
22,"Salsa","Ania","Friday",2.18,4
70,"HipHop","Alex","Friday",4.36,10
88,"Rock","Carol","Thursday",4.778488433,8
60,"Techno","Carol","Friday",2.46,7
61,"HipHop","Carol","Friday",3.32,8
100,"Salsa","Carol","Friday",2.22,6
26,"Salsa","Rohit","Friday",3.35,8
60,"Salsa","Alex","Thursday",4.17,6
76,"Rock","Ania","Thursday",1.92,1
97,"Rock","Rohit","Saturday",4.97,8
22,"HipHop","Carol","Saturday",4.02,7
87,"Rock","Alex","Friday",2.62,4
63,"Jazz","Blue","Friday",4.81,3
39,"Jazz","Blue","Thursday",1.2,2
26,"Rock","Rohit","Thursday",4.7,7
33,"Rock","Alex","Saturday",4.37,9
54,"HipHop","Mski","Saturday",3.6935,10
17,"Techno","Blue","Friday",3.3322,5
78,"Rock","Rohit","Saturday",3.58,7
47,"Techno","Rohit","Thursday",1.19,3
48,"Salsa","Mski","Saturday",2.54,8
54,"HipHop","Blue","Thursday",4.82,9
85,"HipHop","Ania","Friday",2.19,1
70,"Jazz","Carol","Thursday",4.1,10
73,"HipHop","Blue","Friday",2.91,5
48,"Techno","Mski","Thursday",3.66,9
67,"Salsa","Carol","Friday",4.16,8
18,"Salsa","Mski","Thursday",4.46,1
35,"HipHop","Blue","Saturday",2.46,1
30,"Jazz","Ania","Thursday",4.46,9
25,"Jazz","Rohit","Friday",2.08,2
56,"HipHop","Rohit","Friday",4.19,8
26,"Techno","Carol","Thursday",2.49,8
65,"Rock","Rohit","Friday",3.49,5
26,"Salsa","Alex","Saturday",1.3,1
13,"Jazz","Mski","Saturday",4.13,10
84,"Rock","Ania","Thursday",4.98,3
35,"Rock","Alex","Thursday",4.4,8
56,"Techno","Alex","Saturday",1.78,2
74,"Techno","Carol","Saturday",3.23,4
73,"Rock","Mski","Saturday",4.88,6
86,"HipHop","Mski","Thursday",4.272,8
71,"Salsa","Blue","Thursday",2.75,1
83,"HipHop","Ania","Thursday",4.59,6
65,"Rock","Rohit","Thursday",4.46,7
46,"Techno","Ania","Friday",4.55867036,6
62,"Salsa","Alex","Friday",4.41,9
74,"HipHop","Rohit","Thursday",4.09,6
65,"Salsa","Blue","Friday",2.34,6
30,"Salsa","Carol","Friday",4.21,9
75,"Salsa","Alex","Thursday",3.8,2
87,"Jazz","Ania","Saturday",2.99,3
34,"Jazz","Ania","Thursday",2.69,9
77,"HipHop","Ania","Thursday",2.48,6
12,"Rock","Alex","Saturday",2.71,8
28,"Salsa","Blue","Friday",4.71,1
65,"HipHop","Blue","Saturday",4.46,1
99,"Jazz","Ania","Friday",4.43,7
52,"Rock","Alex","Thursday",4.54,7
79,"HipHop","Ania","Thursday",1.34,4
84,"Rock","Mski","Saturday",3.27,7
31,"Salsa","Rohit","Friday",1.98,3
56,"Salsa","Alex","Saturday",4.91,5
67,"Salsa","Ania","Thursday",3.92,5
38,"Techno","Carol","Thursday",4.96,6
43,"HipHop","Rohit","Friday",3.03,10
84,"Salsa","Mski","Thursday",4.88,10
47,"Techno","Ania","Friday",2.25,5
93,"Techno","Carol","Friday",2.73,9
98,"Techno","Rohit","Thursday",3.15,5
56,"Techno","Carol","Friday",3.68,6
92,"Techno","Alex","Thursday",2.08,4
82,"HipHop","Ania","Thursday",4.09,10
99,"Techno","Rohit","Friday",3.95,8
19,"Salsa","Carol","Thursday",3.66,3
73,"Jazz","Blue","Friday",4.56,7
53,"HipHop","Alex","Thursday",4.86,4
19,"Techno","Blue","Friday",3.3786,3
88,"Techno","Blue","Friday",4.7466,10
40,"Salsa","Alex","Friday",3.12,1
11,"Jazz","Alex","Saturday",3.73,7
21,"Techno","Carol","Saturday",4.02,7
100,"Jazz","Ania","Saturday",5.231294057,1
38,"HipHop","Rohit","Thursday",2.84,4
25,"HipHop","Ania","Friday",4.54,8
88,"Techno","Carol","Friday",4.392407687,9
47,"Rock","Blue","Friday",2.85,3
81,"Jazz","Carol","Thursday",3.61,10
28,"Techno","Rohit","Saturday",3.77,4
48,"Techno","Blue","Friday",4.9424,8
23,"Salsa","Blue","Saturday",4.89,5
60,"Techno","Blue","Friday",4.183,6
52,"Salsa","Mski","Thursday",2.84,4
63,"HipHop","Carol","Friday",2.96,9
23,"Rock","Rohit","Friday",2.995029028,4
15,"Jazz","Carol","Saturday",1.997362924,7
79,"Salsa","Carol","Saturday",4.139472058,1
17,"HipHop","Ania","Friday",4.88,9
74,"Rock","Blue","Thursday",1.02,5
24,"Jazz","Mski","Friday",4.33,4
76,"Salsa","Alex","Friday",3.93,9
36,"Jazz","Carol","Saturday",3.385088465,9
70,"Rock","Rohit","Friday",2.55,4
43,"Techno","Mski","Saturday",3.06,3
27,"Salsa","Rohit","Thursday",4.31,6
41,"Techno","Mski","Saturday",2.31,5
60,"Rock","Blue","Saturday",5,2
96,"Jazz","Blue","Saturday",3.06,8
34,"Jazz","Mski","Thursday",4.93,8
26,"Jazz","Mski","Thursday",4.96,9
71,"HipHop","Ania","Friday",4.54,1
27,"Salsa","Ania","Saturday",4.33,10
78,"HipHop","Ania","Saturday",2.26,4
44,"Salsa","Rohit","Thursday",2.32,4
20,"Jazz","Rohit","Friday",4.05,7
80,"Rock","Blue","Friday",2.17,2
48,"Techno","Ania","Saturday",3.73,10
97,"Salsa","Ania","Friday",2.14,7
58,"Jazz","Carol","Thursday",2.7,8
99,"Techno","Rohit","Saturday",2.63,4
39,"Rock","Rohit","Thursday",4.65,10
38,"Techno","Carol","Saturday",4.57,8
72,"Techno","Ania","Friday",3.91,8
94,"Rock","Blue","Friday",2.67,8
41,"Rock","Carol","Thursday",3.4,1
68,"Rock","Ania","Saturday",3.69,10
18,"Salsa","Alex","Friday",4.79,7
64,"HipHop","Carol","Friday",1.51,5
82,"HipHop","Blue","Thursday",3.51,1
74,"Jazz","Rohit","Thursday",2.76,10
73,"Jazz","Ania","Saturday",1.16,3
52,"Rock","Rohit","Thursday",3.36,1
59,"HipHop","Mski","Friday",2.909,2
87,"Rock","Alex","Saturday",4.82,1
24,"Salsa","Blue","Saturday",4.1,1
41,"Rock","Ania","Saturday",4.65,7
45,"Salsa","Blue","Thursday",1.12,3
80,"Jazz","Alex","Saturday",4.99,4
44,"Salsa","Blue","Saturday",2.86,8
29,"Rock","Mski","Saturday",3.39,10
14,"Rock","Blue","Saturday",2.08,4
49,"Rock","Carol","Thursday",2.77,1
83,"Salsa","Ania","Thursday",4.82,2
52,"Jazz","Blue","Saturday",1.77,5
47,"Rock","Ania","Thursday",4.32,10
75,"HipHop","Carol","Thursday",4.481947108,8
93,"Rock","Blue","Thursday",2.55,10
95,"Techno","Ania","Saturday",2.84,10
44,"Jazz","Carol","Thursday",4.1,5
42,"Rock","Mski","Friday",3.65,8
92,"Salsa","Rohit","Friday",3.93,3
71,"Techno","Alex","Friday",2.55,1
100,"HipHop","Ania","Saturday",1.82,4
19,"HipHop","Mski","Thursday",1.9305,10
54,"Salsa","Rohit","Saturday",3.98,2
74,"Techno","Ania","Friday",4.69,6
37,"Rock","Carol","Thursday",4.09,10
93,"Rock","Ania","Thursday",2.07,3
80,"Rock","Mski","Saturday",4.5,7
22,"Jazz","Rohit","Saturday",3.07,7
32,"Salsa","Ania","Saturday",4.178261827,6
100,"Techno","Rohit","Saturday",4.06,7
45,"Techno","Blue","Thursday",4.8858,6
71,"Salsa","Rohit","Friday",4.07,3
52,"Rock","Carol","Saturday",4.27,3
30,"HipHop","Blue","Thursday",1.51,3
97,"Techno","Ania","Saturday",4.64,7
41,"Rock","Alex","Saturday",1.66,5
75,"HipHop","Blue","Friday",2.37,3
54,"Salsa","Rohit","Saturday",4.48,3
77,"HipHop","Blue","Saturday",4.94,9
69,"Jazz","Rohit","Saturday",4.52,1
25,"Salsa","Rohit","Saturday",4.04,4
21,"Salsa","Ania","Thursday",2.02,8
56,"HipHop","Mski","Thursday",2.754,2
85,"Techno","Mski","Friday",1.66,2
72,"Rock","Blue","Saturday",1.45,5
18,"Jazz","Rohit","Friday",3.55,1
70,"HipHop","Blue","Saturday",1.18,1
38,"Salsa","Blue","Saturday",4.3,7
65,"Techno","Mski","Friday",2.99,1
69,"Techno","Alex","Friday",1.56,4
45,"HipHop","Blue","Saturday",4.34,6
68,"Salsa","Carol","Saturday",3.15,9
61,"Jazz","Ania","Saturday",1.25,2
62,"Techno","Alex","Saturday",2.58,1
49,"Rock","Mski","Saturday",3.47,3
47,"HipHop","Rohit","Thursday",4.42,9
25,"Techno","Mski","Friday",4.04,2
38,"Jazz","Carol","Thursday",3.89,7
80,"Rock","Carol","Thursday",3.27,7
97,"Rock","Mski","Saturday",1.25,5
58,"Rock","Alex","Saturday",4.79,2
98,"Techno","Carol","Saturday",1.06,3
43,"Salsa","Rohit","Saturday",4.26,6
43,"Salsa","Rohit","Thursday",4.85,4
43,"Jazz","Alex","Saturday",4.82,7
19,"HipHop","Blue","Thursday",2.17,8
50,"HipHop","Rohit","Thursday",4.02,10
59,"Salsa","Blue","Saturday",1.15,4
78,"Techno","Carol","Friday",1.28,5
51,"Techno","Alex","Thursday",3.63,9
27,"Salsa","Alex","Thursday",3.15,3
67,"Salsa","Mski","Friday",2.48,8
28,"Jazz","Rohit","Friday",3.65,2
31,"HipHop","Ania","Thursday",1.68,4
17,"Techno","Rohit","Thursday",3.65,4
18,"Rock","Carol","Friday",3.13,6
86,"HipHop","Alex","Thursday",4.46,3
34,"HipHop","Mski","Thursday",2.6635,7
74,"Techno","Blue","Friday",4.4706,2
66,"Jazz","Blue","Thursday",3.12,4
66,"Jazz","Carol","Friday",3.26,8
17,"Jazz","Ania","Saturday",4.28,5
81,"Salsa","Ania","Thursday",3.11,9
26,"Jazz","Mski","Thursday",2.91,9
62,"Jazz","Rohit","Friday",2.76,4
37,"Techno","Rohit","Thursday",2.97,3
75,"HipHop","Alex","Thursday",4.67,5
96,"Rock","Alex","Saturday",2.58,4
53,"Techno","Ania","Friday",1.74,1
28,"HipHop","Alex","Saturday",2.76,6
52,"Salsa","Blue","Friday",4.99,7
80,"Salsa","Carol","Friday",3.94,5
71,"HipHop","Blue","Friday",4.24,6
23,"Jazz","Alex","Friday",2.08,4
76,"Jazz","Alex","Saturday",2.63,1
17,"Rock","Mski","Friday",4.02,9
52,"Rock","Alex","Thursday",2.05,4
92,"Rock","Ania","Saturday",4.64,6
79,"HipHop","Alex","Thursday",3.58,10
33,"HipHop","Rohit","Saturday",2.08,9
44,"Jazz","Alex","Friday",3.04,8
51,"HipHop","Blue","Friday",2.326015598,4
91,"Techno","Mski","Thursday",4.23,7
35,"Techno","Carol","Friday",4.86,8
44,"Salsa","Alex","Thursday",2.08,7
56,"Techno","Ania","Friday",2.4,5
94,"Jazz","Rohit","Friday",3.94,1
98,"Rock","Ania","Saturday",4.26,5
32,"Techno","Ania","Saturday",4.12,7
53,"Techno","Rohit","Saturday",1.06,3
57,"Techno","Mski","Friday",1.78,1
49,"Salsa","Carol","Thursday",3.85,6
97,"Rock","Mski","Friday",1.21,1
70,"Techno","Alex","Saturday",4.91,10
29,"Salsa","Blue","Thursday",2.23,8
22,"Salsa","Carol","Thursday",4.24,8
72,"HipHop","Alex","Saturday",2.22,9
80,"Jazz","Mski","Friday",3.243599591,8
71,"HipHop","Rohit","Friday",3.46,1
58,"Salsa","Mski","Saturday",3.5,8
24,"Salsa","Ania","Saturday",2.137831062,2
76,"Jazz","Ania","Saturday",1.42,5
100,"Techno","Mski","Saturday",3.66,7
24,"Rock","Carol","Saturday",4.61,8
79,"Techno","Ania","Friday",1.3,5
30,"Rock","Rohit","Thursday",3.12,3
53,"Jazz","Alex","Friday",4.83,9
89,"Techno","Mski","Friday",3.44,3
78,"HipHop","Alex","Saturday",4.89,8
43,"Jazz","Alex","Saturday",4.19,4
50,"Techno","Blue","Saturday",4.9892,6
77,"Salsa","Blue","Saturday",4.9,7
43,"Rock","Mski","Thursday",4.73,8
61,"HipHop","Blue","Saturday",3.73,9
97,"Rock","Mski","Friday",3.73,2
68,"Techno","Ania","Friday",3.4,3
88,"Rock","Ania","Thursday",1.86,2
54,"Salsa","Carol","Friday",2.27,2
51,"HipHop","Mski","Thursday",3.5335,9
47,"Salsa","Ania","Saturday",4.89,7
52,"Jazz","Carol","Friday",4.27,3
19,"HipHop","Mski","Saturday",0.925,4
38,"Salsa","Ania","Thursday",3.4,2
86,"Rock","Ania","Saturday",2.66,6
80,"Techno","Carol","Saturday",4.37,10
94,"Rock","Mski","Thursday",3.88,6
32,"HipHop","Blue","Thursday",2.95,1
11,"Salsa","Rohit","Friday",2.73,2
60,"Techno","Rohit","Thursday",1.29,3
44,"Jazz","Rohit","Thursday",3.09,9
59,"Salsa","Ania","Thursday",4.22,9
35,"Rock","Blue","Thursday",4.41,7
95,"HipHop","Alex","Thursday",4.45,9
12,"HipHop","Carol","Friday",4.53,1
81,"HipHop","Rohit","Thursday",4.81,1
44,"Salsa","Mski","Friday",3.431387032,10
14,"HipHop","Alex","Saturday",1.55,2
25,"Salsa","Ania","Thursday",4.45,6
73,"Techno","Blue","Thursday",4.4542,9
56,"Jazz","Carol","Thursday",4,5
12,"Jazz","Mski","Saturday",3.61,10
58,"Salsa","Mski","Friday",2.81,3
86,"Salsa","Alex","Thursday",2.72,8
11,"Salsa","Blue","Thursday",4.6,7
80,"Rock","Alex","Friday",3.98,7
74,"Techno","Rohit","Saturday",4.81,4
23,"Rock","Carol","Friday",2.81,8
58,"Jazz","Rohit","Saturday",4.07,6
78,"HipHop","Blue","Thursday",3.68,6
19,"Techno","Mski","Friday",4.03,4
73,"Salsa","Ania","Saturday",2.84,2
85,"HipHop","Mski","Friday",4.2175,3
74,"Salsa","Alex","Thursday",1.5,3
80,"Techno","Blue","Friday",4.5958,5
84,"Jazz","Ania","Friday",3.46,5
79,"Jazz","Rohit","Friday",3.61,9
86,"Rock","Alex","Friday",4.84,6
97,"Rock","Ania","Saturday",3.36,4
82,"Techno","Mski","Saturday",2.84,5
16,"HipHop","Rohit","Thursday",1.7,5
59,"Salsa","Mski","Thursday",4.92,4
50,"Jazz","Ania","Saturday",3.98,2
95,"HipHop","Ania","Thursday",4.73,9
66,"Salsa","Rohit","Saturday",4.37,7
21,"Salsa","Blue","Saturday",3.4,2
41,"Jazz","Ania","Saturday",3.585117715,4
42,"HipHop","Rohit","Friday",4.42,8
67,"Techno","Blue","Thursday",4.327,10
39,"Jazz","Blue","Thursday",3.43,8
98,"Techno","Mski","Thursday",3.95,4
66,"Rock","Alex","Friday",3.21,9
96,"Rock","Alex","Saturday",3.11,3
72,"Jazz","Ania","Saturday",3.56,7
37,"HipHop","Rohit","Friday",2.05,1
90,"Jazz","Alex","Thursday",3.02,8
74,"Rock","Blue","Saturday",3.71,2
46,"Techno","Blue","Saturday",3.916,4
97,"Jazz","Mski","Thursday",2.15,4
41,"Rock","Alex","Friday",1.75,3
86,"HipHop","Ania","Saturday",2.39,4
56,"Salsa","Rohit","Thursday",3.69,8
88,"Rock","Ania","Thursday",3.88,3
50,"Salsa","Rohit","Saturday",4.7,7
16,"Salsa","Ania","Thursday",4.81,6
14,"HipHop","Ania","Friday",4.48,8
84,"HipHop","Ania","Friday",3.8,1
20,"Techno","Rohit","Thursday",4.67,7
54,"Salsa","Ania","Saturday",4.91,6
58,"Jazz","Ania","Saturday",4.375388831,10
53,"Rock","Mski","Thursday",2.56,10
52,"HipHop","Mski","Saturday",3.5925,6
54,"Salsa","Ania","Friday",4.03,10
69,"Salsa","Mski","Thursday",4.84,3
67,"Rock","Alex","Friday",3.32,8
51,"Techno","Carol","Friday",3.28,8
96,"Rock","Alex","Saturday",4.47,7
27,"Rock","Rohit","Friday",3.96,6
70,"Techno","Mski","Friday",3.79,9
64,"Jazz","Carol","Thursday",4.07,3
45,"Salsa","Ania","Saturday",3.26,5
47,"Jazz","Rohit","Friday",4.17,8
100,"Techno","Alex","Thursday",4.37,9
29,"Techno","Mski","Thursday",4.43,10
47,"Jazz","Ania","Thursday",3.86,9
66,"Jazz","Carol","Saturday",4.2,1
19,"Jazz","Alex","Thursday",1.25,2
42,"HipHop","Alex","Friday",4.55,8
44,"Salsa","Alex","Friday",2.68,2
97,"Salsa","Carol","Thursday",3.38,1
28,"HipHop","Ania","Thursday",2.61,5
33,"Jazz","Blue","Thursday",4.43,6
57,"Salsa","Blue","Friday",3.21,7
31,"Techno","Carol","Thursday",3.71,9
47,"Rock","Ania","Thursday",3.48,7
32,"Techno","Alex","Friday",2.06,8
11,"Techno","Carol","Friday",2.27,3
57,"Jazz","Mski","Thursday",1.47,3
73,"HipHop","Mski","Friday",3.6445,1
86,"Salsa","Rohit","Friday",3.5,2
43,"Rock","Mski","Saturday",1.05,4
54,"Techno","Ania","Saturday",4.42,8
71,"Jazz","Blue","Saturday",1.86,1
24,"Jazz","Alex","Thursday",2.32,1
82,"HipHop","Ania","Saturday",4.21,1
15,"Jazz","Blue","Thursday",4.3,6
33,"Rock","Blue","Friday",4.66,2
89,"Rock","Mski","Thursday",3.28,0
81,"Salsa","Mski","Friday",4.086492404,8
82,"Jazz","Carol","Thursday",3.73,8
51,"Techno","Ania","Friday",4.03,8
84,"Techno","Mski","Thursday",3.67,7
79,"Rock","Carol","Friday",3.72,10
55,"Salsa","Carol","Saturday",3.85,6
34,"Salsa","Rohit","Friday",1.78,2
78,"Jazz","Mski","Thursday",2.63,10
28,"Jazz","Blue","Friday",4.1,9
84,"Salsa","Mski","Saturday",2.61,9
80,"HipHop","Rohit","Saturday",4.68,2
39,"HipHop","Ania","Thursday",3.4,1
82,"Rock","Rohit","Friday",4.58,7
52,"HipHop","Rohit","Thursday",4.36,4
27,"Jazz","Ania","Saturday",4.36,10
97,"HipHop","Ania","Friday",3.041100193,5
93,"HipHop","Mski","Friday",4.6405,1
56,"Techno","Ania","Saturday",2.04,6
51,"Techno","Blue","Thursday",4.0138,8
34,"Salsa","Rohit","Saturday",4.79,8
15,"Jazz","Blue","Saturday",2.86,4
30,"Jazz","Alex","Friday",2.71,3
25,"HipHop","Mski","Saturday",2.2335,10
70,"Techno","Carol","Saturday",2.77,10
20,"HipHop","Carol","Thursday",4.14,9
79,"HipHop","Ania","Thursday",5.408248882,2
75,"Techno","Alex","Thursday",2.757687875,6
22,"Salsa","Ania","Friday",2.48,9
66,"HipHop","Ania","Saturday",4.89,4
35,"Jazz","Rohit","Thursday",4.85,5
35,"Salsa","Alex","Friday",4.580913294,9
39,"Salsa","Ania","Friday",2.86,7
82,"Rock","Mski","Friday",4.71,8
23,"Salsa","Rohit","Friday",4.93,5
70,"Techno","Carol","Friday",3.45,1
14,"Jazz","Ania","Friday",2.12,10
21,"Salsa","Mski","Friday",4.63,9
31,"Salsa","Blue","Saturday",2.24,3
85,"Techno","Rohit","Thursday",4.42,7
99,"Techno","Carol","Friday",3.53,9
36,"HipHop","Alex","Saturday",4.05,8
47,"Jazz","Ania","Thursday",4.46,7
79,"HipHop","Carol","Thursday",2.31,9
22,"Rock","Alex","Saturday",1.95,5
17,"Jazz","Mski","Friday",1.15,1
51,"Salsa","Carol","Friday",4.78,8
49,"Salsa","Mski","Thursday",1.46,4
53,"HipHop","Alex","Friday",2.69,6
69,"Rock","Carol","Saturday",2.71,4
77,"HipHop","Ania","Friday",4.59,5
57,"Salsa","Blue","Thursday",3.92,2
18,"HipHop","Mski","Saturday",0.888,0
91,"Rock","Carol","Saturday",4.97,4
75,"Rock","Mski","Saturday",3.045490052,9
70,"HipHop","Rohit","Saturday",3.75,9
50,"Techno","Rohit","Friday",1.31,4
32,"Salsa","Mski","Thursday",3.46,8
28,"Salsa","Rohit","Saturday",4.49,8
61,"Techno","Ania","Friday",1.15,3
26,"Jazz","Ania","Saturday",4.94,6
18,"HipHop","Blue","Thursday",3.16,9
86,"HipHop","Rohit","Friday",3.78,5
80,"Salsa","Ania","Saturday",2.4,6
94,"Rock","Carol","Saturday",1.84,4
88,"Salsa","Carol","Thursday",1.01,3
55,"Techno","Mski","Thursday",4.22,8
55,"Rock","Ania","Saturday",2.81,9
36,"Rock","Alex","Thursday",4.92,1
53,"Jazz","Blue","Saturday",3.48,1
63,"HipHop","Ania","Friday",3.65,3
20,"Rock","Rohit","Saturday",4.94,8
86,"Techno","Ania","Thursday",3.89,4
19,"Salsa","Mski","Thursday",1.77,2
74,"Salsa","Carol","Saturday",2.59,6
14,"Techno","Ania","Saturday",4.62,4
34,"Salsa","Ania","Thursday",4.2,9
90,"Jazz","Blue","Friday",3,10
15,"Salsa","Alex","Friday",4.21,3
38,"Salsa","Mski","Saturday",1.4,5
54,"Techno","Mski","Thursday",4.39,6
70,"Rock","Blue","Friday",3.34,5
14,"Salsa","Ania","Thursday",4.51,1
71,"Jazz","Blue","Saturday",1.990344278,5
28,"Techno","Carol","Saturday",3.02,3
19,"Salsa","Mski","Thursday",4.09,3
16,"Techno","Carol","Thursday",4.15,9
51,"Techno","Rohit","Saturday",3.73,6
77,"Rock","Carol","Friday",4.19,8
52,"Techno","Blue","Thursday",4.0274,10
95,"Techno","Mski","Friday",4.38,2
62,"Jazz","Ania","Thursday",3.12,7
31,"Jazz","Alex","Thursday",2.46,5
59,"Salsa","Ania","Saturday",3.68,3
60,"HipHop","Alex","Saturday",4.15,5
57,"Techno","Alex","Thursday",3.01,3
15,"Rock","Rohit","Saturday",3.59,1
37,"HipHop","Blue","Saturday",2.28,6
54,"HipHop","Mski","Friday",2.655,1
99,"Rock","Blue","Thursday",4.59,5
54,"Techno","Ania","Thursday",3.9,7
99,"Jazz","Blue","Friday",3.16,5
78,"Salsa","Rohit","Friday",2.41,4
16,"HipHop","Mski","Thursday",1.7565,6
29,"Rock","Mski","Thursday",1.63,5
65,"Salsa","Rohit","Friday",2.66,8
74,"Salsa","Blue","Saturday",4.78,1
59,"Salsa","Ania","Thursday",2.63,1
69,"Jazz","Rohit","Thursday",4.84,7
63,"Salsa","Ania","Thursday",4.82,1
47,"Salsa","Ania","Thursday",2.12,7
73,"Techno","Rohit","Friday",4.29,3
75,"Salsa","Carol","Friday",2.45,2
61,"Rock","Ania","Friday",3.418051721,10
42,"Jazz","Alex","Friday",2.39,10
47,"Salsa","Ania","Thursday",4.336484466,1
91,"HipHop","Ania","Saturday",4.39,9
49,"HipHop","Blue","Thursday",1.61,4
61,"Techno","Ania","Saturday",2.03,2
43,"Salsa","Blue","Saturday",4.58,9
65,"Rock","Rohit","Saturday",4.086583977,10
74,"HipHop","Ania","Friday",4.14,6
36,"Rock","Blue","Saturday",2.53,7
64,"Salsa","Blue","Friday",2.76,4
71,"Techno","Carol","Saturday",1,3
82,"HipHop","Blue","Thursday",4.39,1
46,"HipHop","Rohit","Friday",4.82,5
19,"Techno","Rohit","Thursday",2.65,1
69,"Rock","Blue","Saturday",2.59,8
69,"Jazz","Ania","Saturday",1.63,4
14,"Rock","Alex","Thursday",4.08,8
69,"Jazz","Rohit","Thursday",4.01,2
81,"Techno","Carol","Thursday",3.5,8
15,"Rock","Ania","Thursday",4.54,4
78,"Salsa","Carol","Saturday",1.91,5
72,"Techno","Carol","Friday",2.23,5
71,"Salsa","Blue","Thursday",3.81,4
81,"Jazz","Blue","Saturday",4.67,4
83,"Jazz","Carol","Friday",2.34,6
37,"HipHop","Rohit","Saturday",3.56,2
93,"Techno","Alex","Friday",3.41,4
76,"HipHop","Blue","Friday",3.1,8
29,"Salsa","Alex","Friday",2.75,6
59,"Techno","Blue","Saturday",4.1784,4
30,"Jazz","Ania","Friday",2.23,7
72,"Jazz","Ania","Saturday",2.42,5
43,"Salsa","Mski","Saturday",1.82,1
91,"Rock","Alex","Saturday",4.37,10
27,"Rock","Blue","Saturday",1.67,4
27,"Techno","Mski","Saturday",2.51,3
42,"HipHop","Carol","Friday",2.29,4
86,"Salsa","Carol","Saturday",4.34,10
72,"Jazz","Ania","Saturday",3.03,4
45,"Techno","Ania","Friday",4.041202997,9
33,"HipHop","Ania","Thursday",3.96,2
91,"Jazz","Ania","Thursday",1.63,5
35,"HipHop","Blue","Saturday",2.69,2
20,"Techno","Alex","Friday",1.33,1
23,"Jazz","Mski","Friday",4.56,1
53,"HipHop","Mski","Saturday",2.6345,1
84,"Rock","Alex","Saturday",2.6,7
11,"Techno","Ania","Friday",4.65,6
45,"Jazz","Carol","Thursday",1.57,5
59,"Rock","Ania","Saturday",3.21,3
99,"Salsa","Blue","Friday",4.95,6
22,"Jazz","Alex","Friday",3.4,10
96,"Techno","Mski","Saturday",1.85,2
21,"HipHop","Ania","Saturday",1.92,5
31,"Jazz","Carol","Friday",4.63,7
69,"HipHop","Ania","Thursday",4.78,9
51,"Jazz","Ania","Thursday",1.18,3
94,"HipHop","Ania","Saturday",1.01,2
40,"Salsa","Rohit","Friday",4,8
91,"Rock","Ania","Thursday",4.91,6
97,"Rock","Blue","Friday",2.94,5
13,"Rock","Alex","Thursday",4.75,10
31,"Rock","Rohit","Thursday",4.34,1
54,"Jazz","Blue","Friday",2.58,2
59,"Rock","Blue","Friday",3.27,8
34,"Techno","Rohit","Thursday",2.19,1
100,"Jazz","Rohit","Friday",3.92,4
69,"Techno","Blue","Friday",4.363,7
40,"HipHop","Mski","Friday",1.9875,5
91,"Techno","Alex","Thursday",3,5
80,"HipHop","Rohit","Thursday",2.46,1
25,"HipHop","Rohit","Friday",3.2,4
77,"Salsa","Mski","Thursday",2.14,6
45,"Salsa","Rohit","Saturday",4.12,3
80,"Jazz","Rohit","Friday",4.71,7
60,"HipHop","Rohit","Thursday",4.79,8
84,"HipHop","Blue","Friday",4.03,10
40,"Jazz","Blue","Thursday",1.95,2
91,"Jazz","Mski","Friday",3.43,9
26,"Techno","Blue","Saturday",3.508,3
81,"Techno","Alex","Saturday",4.79,2
99,"Techno","Alex","Thursday",3.88,10
58,"Jazz","Carol","Thursday",4.56,10
18,"Salsa","Mski","Saturday",3.63,9
85,"HipHop","Mski","Friday",4.248,4
11,"Salsa","Mski","Saturday",2.79,7
28,"Salsa","Carol","Thursday",4.09,10
95,"HipHop","Alex","Friday",2.66,1
38,"Jazz","Mski","Thursday",4.88,7
88,"Rock","Rohit","Saturday",3.71,7
16,"HipHop","Mski","Thursday",0.7905,2
52,"Techno","Mski","Friday",4.05,3
60,"Jazz","Rohit","Friday",3.07,5
89,"Jazz","Blue","Saturday",2.072005575,1
19,"Techno","Mski","Saturday",4.81,6
79,"Techno","Ania","Saturday",2.92,9
15,"Jazz","Mski","Friday",2.15,1
28,"Rock","Rohit","Friday",4.770933159,7
80,"HipHop","Blue","Friday",3.27,3
22,"Salsa","Blue","Thursday",3.25,7
23,"Jazz","Carol","Friday",4.64,9
75,"HipHop","Blue","Thursday",4.01,9
70,"Rock","Rohit","Thursday",1.19,2
55,"Jazz","Ania","Friday",2.17,9
97,"Techno","Blue","Saturday",4.9312,8
18,"Techno","Alex","Friday",1.01,1
74,"Techno","Blue","Thursday",4.035702459,5
11,"Jazz","Rohit","Thursday",1.14,1
52,"Rock","Rohit","Friday",4.39,5
89,"Jazz","Ania","Thursday",2.25,4
25,"Salsa","Alex","Saturday",3.18,10
56,"HipHop","Carol","Saturday",4.08,10
39,"Salsa","Rohit","Saturday",3.13,9
75,"Rock","Blue","Saturday",4.68,2
82,"Techno","Carol","Saturday",3.58,1
88,"Salsa","Blue","Thursday",5.285267718,8
26,"HipHop","Alex","Thursday",1.73,2
86,"Techno","Mski","Thursday",2.41,6
63,"HipHop","Rohit","Saturday",3.53,2
69,"Jazz","Alex","Friday",3.93,2
34,"HipHop","Mski","Friday",1.664,2
19,"Techno","Blue","Thursday",4.3642,6
40,"HipHop","Mski","Thursday",1.9635,2
58,"Jazz","Mski","Friday",3.38,9
87,"Salsa","Mski","Saturday",4.65,9
80,"Jazz","Alex","Saturday",3.75,8
59,"Rock","Ania","Thursday",4.020879683,7
14,"Jazz","Blue","Friday",4.92,3
13,"Jazz","Ania","Friday",4.77,3
21,"Jazz","Ania","Saturday",4.92,9
76,"Salsa","Carol","Friday",4.01,8
24,"Salsa","Alex","Thursday",2.54,6
92,"Techno","Alex","Thursday",4.36,10
96,"Rock","Blue","Thursday",4.72,6
77,"HipHop","Mski","Saturday",3.822,3
94,"Jazz","Ania","Thursday",3.43,6
19,"Techno","Mski","Friday",2.47,3
98,"Rock","Blue","Friday",4.1,8
41,"Techno","Carol","Saturday",2.45,10
17,"Jazz","Carol","Saturday",3.76,7
59,"Rock","Alex","Saturday",2.39,4
75,"Techno","Blue","Friday",4.492,5
66,"HipHop","Mski","Friday",3.259,4
70,"Rock","Blue","Thursday",4.26,6
35,"Jazz","Alex","Friday",2.93,6
69,"Salsa","Ania","Thursday",3.59,3
69,"HipHop","Carol","Thursday",4.89,8
30,"Rock","Rohit","Thursday",4.78,8
83,"Rock","Alex","Friday",4.52,2
22,"HipHop","Ania","Thursday",2.94,4
25,"Jazz","Blue","Saturday",3.1,3
54,"Rock","Mski","Thursday",3.82,9
95,"HipHop","Rohit","Saturday",3.12,2
42,"HipHop","Alex","Saturday",3.34,5
37,"Jazz","Alex","Saturday",4.191366608,6
16,"Techno","Mski","Friday",2.08,8
35,"Salsa","Carol","Thursday",2.44,7
68,"Rock","Ania","Friday",3.79,4
79,"Jazz","Alex","Thursday",2.63,1
73,"Salsa","Mski","Friday",4.71,8
58,"HipHop","Blue","Thursday",4.86,7
85,"HipHop","Alex","Saturday",2.67,8
17,"Techno","Mski","Friday",3.96,1
40,"Salsa","Carol","Friday",4.87,9
83,"Techno","Carol","Thursday",4.15,3
43,"Salsa","Mski","Thursday",4.72,5
32,"HipHop","Rohit","Saturday",1.38,1
11,"HipHop","Ania","Saturday",4.38,10
16,"Jazz","Alex","Thursday",4.39,6
32,"Rock","Mski","Saturday",4.28,4
64,"Jazz","Rohit","Saturday",2.01,4
62,"Rock","Carol","Friday",4.94,4
86,"Techno","Mski","Thursday",2.38,5
38,"Techno","Alex","Saturday",4.44,6
14,"Rock","Carol","Saturday",4.32,7
91,"Rock","Mski","Thursday",3.41,7
89,"HipHop","Rohit","Saturday",4.88,8
12,"Salsa","Mski","Saturday",4.72,9
20,"Techno","Carol","Friday",3.96,1
61,"Jazz","Mski","Saturday",3.31,7
88,"Techno","Carol","Saturday",1.64,1
19,"Rock","Ania","Friday",2.12,1
40,"Rock","Blue","Thursday",4.33,8
14,"Rock","Carol","Saturday",3.41,1
36,"Salsa","Mski","Saturday",2.56,8
40,"Jazz","Carol","Friday",3.62,3
20,"Jazz","Carol","Friday",2.73,1
82,"Techno","Blue","Saturday",4.64,10
83,"Jazz","Blue","Saturday",2.08,2
88,"Jazz","Rohit","Friday",1.91,4
29,"HipHop","Carol","Friday",3.84,6
92,"HipHop","Mski","Saturday",4.5945,3
94,"Salsa","Ania","Saturday",1.73,2
65,"Salsa","Ania","Thursday",1.98,1
98,"Rock","Mski","Friday",2.01,9
64,"Techno","Rohit","Saturday",2.21,1
100,"Techno","Mski","Saturday",4.38,9
37,"Rock","Carol","Saturday",3.51,6
48,"Jazz","Ania","Saturday",4.45,9
84,"Salsa","Mski","Friday",4.95,10
41,"Jazz","Alex","Friday",2.31,5
34,"Rock","Alex","Friday",1.32,4
72,"Rock","Blue","Thursday",4.08,4
59,"Salsa","Alex","Friday",2.06,5
17,"Salsa","Alex","Thursday",3.7,3
15,"Rock","Carol","Saturday",2.41,9
25,"Techno","Rohit","Thursday",1.42,4
78,"HipHop","Rohit","Friday",2.58,9
41,"Rock","Rohit","Friday",2.56,5
64,"Rock","Alex","Thursday",1.13,2
67,"Jazz","Blue","Saturday",3.31,3
70,"HipHop","Rohit","Saturday",4.77,10
46,"Jazz","Rohit","Friday",3.39,9
37,"Techno","Ania","Saturday",2.93,2
54,"HipHop","Alex","Saturday",2.965347263,10
28,"Techno","Alex","Thursday",2.33,7
46,"Techno","Mski","Thursday",1.12,2
81,"Techno","Ania","Friday",3.9,2
89,"Salsa","Ania","Friday",2.279776625,1
78,"Jazz","Rohit","Saturday",4.82,5
12,"Rock","Alex","Saturday",1.31,4
98,"Techno","Carol","Thursday",4.06,8
100,"Techno","Blue","Friday",4.997,7
37,"HipHop","Alex","Thursday",2.55,7
58,"Jazz","Blue","Friday",4.65,7
50,"Techno","Blue","Saturday",4.988,6
69,"Rock","Mski","Saturday",1.3,5
20,"Jazz","Blue","Friday",4.336381365,8
70,"Jazz","Alex","Thursday",3.4,4
97,"Rock","Mski","Thursday",2.92,10
56,"Salsa","Ania","Saturday",3.14,3
30,"Techno","Blue","Saturday",4.5942,6
36,"Salsa","Mski","Thursday",4.84,6
49,"Techno","Rohit","Thursday",2.452824214,5
58,"Jazz","Mski","Thursday",2.46,7
83,"Jazz","Blue","Saturday",4.97,9
69,"Salsa","Ania","Friday",4.438556664,2
92,"Salsa","Ania","Friday",1.97,2
62,"Salsa","Rohit","Friday",4.72,3
77,"HipHop","Ania","Friday",3.2,2
17,"Jazz","Mski","Friday",3.58,6
65,"HipHop","Ania","Thursday",4.43,2
88,"Salsa","Carol","Friday",4.66,8
93,"Salsa","Blue","Thursday",3.3,6
49,"HipHop","Rohit","Thursday",3.21,3
38,"Techno","Ania","Friday",2.49,5
83,"Techno","Rohit","Thursday",4.88,3
34,"Salsa","Ania","Thursday",4.98,10
32,"Techno","Alex","Thursday",4.27,6
74,"Salsa","Ania","Saturday",3.61,2
84,"Salsa","Mski","Friday",2.41,5
68,"Salsa","Blue","Saturday",4.13,1
90,"HipHop","Rohit","Friday",3.66,5
62,"Salsa","Ania","Friday",3.46,2
53,"HipHop","Carol","Thursday",1.72,5
58,"Salsa","Carol","Thursday",4.57,2
52,"Techno","Ania","Thursday",4.2,8
92,"Jazz","Rohit","Thursday",1.82,4
57,"Rock","Alex","Saturday",4.25,6
27,"Techno","Alex","Thursday",4.77,9
86,"Salsa","Mski","Thursday",4.25,5
53,"Rock","Carol","Friday",4.14,1
43,"Salsa","Carol","Friday",4.02,6
69,"Salsa","Blue","Saturday",2.04,1
69,"Techno","Ania","Friday",2.32,3
67,"Jazz","Ania","Saturday",4.44,8
84,"HipHop","Rohit","Thursday",4.13,7
39,"Jazz","Ania","Thursday",4.34,8
85,"Salsa","Blue","Thursday",1.67,1
100,"HipHop","Mski","Thursday",4.9955,5
99,"Jazz","Ania","Friday",2.83,5
99,"Rock","Alex","Friday",3.73,8
52,"Rock","Rohit","Saturday",3.57,9
49,"HipHop","Ania","Thursday",2.83,8
52,"HipHop","Ania","Friday",3.46,9
95,"HipHop","Blue","Thursday",4.24,9
37,"Salsa","Ania","Saturday",4.721999961,5
58,"Salsa","Blue","Friday",2.23,3
96,"Jazz","Carol","Thursday",4.73,1
76,"Salsa","Carol","Friday",2.6,9
62,"Techno","Mski","Friday",4.88,10
16,"Salsa","Blue","Saturday",4.81,6
36,"Salsa","Rohit","Thursday",1.8,5
80,"Techno","Rohit","Thursday",2.96,2
94,"Jazz","Mski","Saturday",2.76,9
70,"Rock","Ania","Saturday",4.98,9
90,"HipHop","Ania","Friday",4.59,6
28,"Techno","Mski","Friday",3.2,10
25,"Techno","Mski","Thursday",4.27,8
94,"Jazz","Rohit","Saturday",1.8,4
83,"Jazz","Mski","Saturday",4.82,7
43,"HipHop","Rohit","Thursday",4.98,7
91,"HipHop","Rohit","Saturday",1.7,1
29,"Salsa","Blue","Saturday",2.97,9
56,"Rock","Blue","Thursday",3.3,2
28,"Techno","Blue","Thursday",4.5498,6
19,"HipHop","Alex","Friday",2.17,2
100,"Jazz","Mski","Thursday",2.18,6
39,"Rock","Blue","Friday",1.26,5
97,"Jazz","Alex","Friday",2.33,6
52,"Techno","Carol","Thursday",1.81,2
59,"Rock","Alex","Saturday",1.32,5
52,"HipHop","Ania","Thursday",4.18,10
26,"HipHop","Rohit","Friday",3.05,3
71,"HipHop","Mski","Thursday",4.523,9
39,"HipHop","Rohit","Thursday",4.4,10
45,"Jazz","Ania","Saturday",4.77,7
95,"Techno","Mski","Saturday",2.34,8
53,"Salsa","Ania","Saturday",4.33,10
67,"HipHop","Rohit","Thursday",4.76,10
56,"Salsa","Rohit","Saturday",2.47,10
91,"Techno","Mski","Friday",3.523458057,10
97,"HipHop","Rohit","Thursday",4.64,3
45,"HipHop","Mski","Saturday",3.2255,6
49,"Rock","Mski","Saturday",4.19,9
29,"Techno","Mski","Friday",1.33,3
24,"Techno","Ania","Friday",3.85,6
100,"Salsa","Rohit","Saturday",4.46,7
42,"Jazz","Blue","Thursday",4.31,9
14,"Salsa","Mski","Thursday",3.23,9
96,"Salsa","Carol","Saturday",3.09,9
88,"Salsa","Carol","Friday",2.43,1
93,"Rock","Alex","Friday",1.49,2
100,"Salsa","Mski","Thursday",1.41,5
40,"Techno","Mski","Thursday",1.4,1
11,"Salsa","Mski","Thursday",4.81,3
14,"Rock","Alex","Saturday",4.31,3
58,"Techno","Alex","Thursday",3.68,5
22,"Jazz","Alex","Thursday",4.88,10
30,"Jazz","Alex","Friday",4.26,9
28,"Rock","Carol","Friday",2.63,2
59,"Jazz","Blue","Thursday",3.43,2
46,"Techno","Alex","Friday",4.45,8
72,"Rock","Mski","Friday",1.01,3
57,"Jazz","Ania","Friday",4.029624681,1
78,"Rock","Mski","Friday",3.27,3
81,"Rock","Alex","Saturday",1.2,1
31,"Jazz","Alex","Friday",2.62,3
27,"Rock","Carol","Saturday",2.9,9
23,"HipHop","Blue","Saturday",2.64,4
46,"HipHop","Blue","Friday",4.82,9
54,"HipHop","Ania","Friday",4.79,4
66,"HipHop","Ania","Saturday",4.5,10
76,"Rock","Carol","Saturday",2.36,1
61,"Rock","Blue","Friday",3.23,8
42,"Jazz","Alex","Friday",1.05,3
52,"HipHop","Mski","Thursday",3.5955,9
80,"HipHop","Alex","Friday",1.98,2
94,"Rock","Ania","Saturday",3.93,3
81,"Techno","Rohit","Thursday",2.21,7
67,"Salsa","Rohit","Thursday",1.68,1
80,"HipHop","Rohit","Friday",3.27,10
52,"Salsa","Rohit","Saturday",2.55,8
81,"Salsa","Blue","Saturday",2.58,7
23,"Salsa","Mski","Friday",4.71,2
98,"Salsa","Rohit","Thursday",3.59,4
97,"Techno","Alex","Friday",4.33,7
41,"Rock","Blue","Friday",3.74,9
20,"Techno","Carol","Saturday",4.4,9
41,"HipHop","Blue","Saturday",4.16,5
24,"Techno","Rohit","Friday",3.61,2
69,"Rock","Mski","Thursday",2.8,10
46,"Rock","Ania","Friday",1.56,1
67,"Techno","Ania","Thursday",2.75,2
90,"Jazz","Ania","Saturday",4.47,7
46,"Salsa","Carol","Thursday",2.09,3
80,"Salsa","Carol","Friday",4.93,9
19,"Salsa","Carol","Friday",4.01,10
93,"Salsa","Mski","Saturday",3.11,7
39,"Salsa","Alex","Thursday",3.17,6
45,"Techno","Carol","Friday",4.71,5
59,"HipHop","Rohit","Thursday",4.24,7
12,"Jazz","Alex","Friday",2.8,2
92,"HipHop","Mski","Thursday",4.598,3
74,"Techno","Mski","Saturday",2.08,10
94,"Techno","Ania","Friday",3.96,3
48,"HipHop","Carol","Friday",3.34,8
39,"Techno","Ania","Saturday",2,5
13,"HipHop","Carol","Thursday",4.9,8
81,"Salsa","Alex","Saturday",4.1,1
48,"Salsa","Mski","Thursday",4.06,10
28,"Rock","Ania","Friday",4.96,10
74,"Techno","Ania","Thursday",2.92,6
96,"Jazz","Carol","Saturday",4.78,1
34,"Rock","Rohit","Friday",3.19,4
88,"Jazz","Mski","Friday",2.5,8
100,"Techno","Alex","Friday",4.41,5
97,"Salsa","Alex","Saturday",4,6
88,"Jazz","Ania","Friday",4.66,6
75,"Rock","Alex","Friday",4.66,1
86,"Techno","Ania","Friday",2.570516921,4
80,"Salsa","Blue","Friday",3.88,7
91,"Jazz","Alex","Friday",4.77,7
40,"Techno","Rohit","Thursday",2.33,4
21,"Salsa","Ania","Friday",3.69,2
76,"Salsa","Mski","Friday",3.61,7
86,"Salsa","Mski","Thursday",4.4,6
39,"Salsa","Rohit","Friday",4.44,7
54,"Salsa","Alex","Thursday",4.7,10
12,"Techno","Rohit","Friday",4.41,3
13,"HipHop","Carol","Thursday",1.08,3
57,"Jazz","Alex","Thursday",4.13,10
76,"HipHop","Carol","Saturday",3.76,5
33,"Techno","Alex","Friday",3.604423707,4
23,"Jazz","Mski","Friday",1.54,1
81,"Techno","Rohit","Thursday",3.28,5
97,"Salsa","Rohit","Friday",4.45,1
74,"Salsa","Rohit","Saturday",4.69,9
63,"HipHop","Ania","Thursday",2.29,2
84,"Rock","Carol","Friday",1.61,5
49,"Techno","Blue","Friday",4.803799809,9
17,"HipHop","Blue","Thursday",1.653386447,4
76,"Jazz","Ania","Thursday",4.95,9
55,"Salsa","Carol","Saturday",1.27,5
21,"Salsa","Mski","Friday",2.29,9
78,"Salsa","Rohit","Saturday",1.88,3
64,"Techno","Blue","Saturday",4.2652,6
38,"Jazz","Ania","Friday",4.24,1
83,"Rock","Carol","Saturday",4.8,4
46,"Jazz","Ania","Thursday",2.98,10
61,"Techno","Mski","Thursday",2.37,7
88,"Salsa","Blue","Saturday",3.336586497,5
50,"Salsa","Rohit","Saturday",4.84,5
19,"Techno","Blue","Thursday",4.3736,8
60,"Techno","Blue","Friday",4.065619801,2
92,"HipHop","Blue","Friday",3.62,4
77,"Rock","Mski","Thursday",1.38,2
56,"Salsa","Carol","Friday",3.04,3
85,"Jazz","Blue","Friday",4.128403958,5
30,"Rock","Carol","Saturday",3.03,6
46,"Salsa","Rohit","Friday",4.75,8
19,"Salsa","Carol","Thursday",4.97,9
63,"Rock","Carol","Saturday",4.48,3
79,"HipHop","Ania","Thursday",4.07,4
64,"Jazz","Ania","Thursday",2.64,8
40,"Techno","Blue","Saturday",3.7928,2
69,"HipHop","Ania","Friday",4.86,10
73,"Jazz","Carol","Thursday",4.1,2
36,"Techno","Ania","Saturday",4.41,4
37,"HipHop","Rohit","Friday",4.07,8
80,"Salsa","Carol","Thursday",2.55,3
78,"Rock","Carol","Saturday",1.2,3
97,"Rock","Rohit","Friday",3.84,1
72,"Jazz","Rohit","Thursday",4.12,6
44,"Techno","Ania","Friday",1.38,1
78,"Jazz","Mski","Friday",2.11,1
63,"Techno","Mski","Friday",1.49,4
92,"Jazz","Rohit","Saturday",4.18,5
59,"Rock","Rohit","Friday",2.84,10
33,"HipHop","Mski","Thursday",1.6325,1
70,"Rock","Blue","Thursday",2.82,3
33,"Rock","Carol","Thursday",4.47,6
78,"Rock","Mski","Friday",4.53,7
88,"Techno","Mski","Friday",4.07,9
16,"HipHop","Rohit","Thursday",4.42,8
34,"Jazz","Blue","Saturday",4.66,6
89,"Techno","Ania","Thursday",4.53,8
99,"Rock","Mski","Thursday",3.43,1
28,"Techno","Rohit","Thursday",4.48,1
65,"Techno","Rohit","Thursday",2.5,3
59,"Salsa","Alex","Thursday",2.28,2
85,"Salsa","Mski","Friday",2.06,2
30,"Techno","Blue","Thursday",3.5914,1
100,"Rock","Rohit","Saturday",4.14,8
62,"Rock","Mski","Friday",2.39,10
96,"Rock","Carol","Saturday",2.56,10
70,"Techno","Ania","Saturday",3.02,2
89,"Techno","Alex","Friday",1.06,1
33,"Techno","Mski","Saturday",1.33,2
86,"Salsa","Ania","Thursday",4.3,2
70,"HipHop","Ania","Friday",3.37,5
52,"Rock","Mski","Thursday",3.5,5
65,"Techno","Blue","Friday",4.2884,2
20,"HipHop","Carol","Friday",3.8,6
45,"Techno","Mski","Friday",3.72,4
38,"Techno","Blue","Friday",3.752,3
21,"HipHop","Alex","Thursday",2.55,6
25,"Salsa","Rohit","Saturday",1.99,1
43,"Salsa","Alex","Friday",3.05,6
45,"Jazz","Ania","Saturday",3.65,9
21,"HipHop","Rohit","Saturday",4.06,10
11,"Jazz","Ania","Friday",3.6,8
49,"Salsa","Blue","Saturday",4.19,4
51,"HipHop","Alex","Saturday",1.35,4
78,"Salsa","Rohit","Thursday",2.37,5
96,"Salsa","Mski","Thursday",3.22,4
25,"Rock","Ania","Friday",3.51,2
88,"Rock","Blue","Thursday",2.1,10
69,"Techno","Ania","Thursday",4.72,10
23,"Techno","Blue","Thursday",3.4556,3
41,"Salsa","Alex","Thursday",4.98,10
97,"Rock","Mski","Thursday",2.05,3
85,"Techno","Alex","Friday",2.28,10
22,"Rock","Carol","Thursday",3.39,9
32,"Jazz","Ania","Saturday",3.15,8
49,"Jazz","Alex","Friday",2.31,1
40,"Rock","Rohit","Saturday",1.45,5
50,"HipHop","Blue","Saturday",1.48,1
89,"Salsa","Blue","Saturday",2.07,4
98,"Salsa","Ania","Saturday",4.03,10
15,"Rock","Mski","Thursday",2.86,5
16,"Rock","Carol","Thursday",2.43702174,8
11,"Salsa","Blue","Saturday",2.12,7
87,"Rock","Carol","Saturday",1.214500402,5
44,"Rock","Rohit","Thursday",4.63,1
86,"Salsa","Blue","Friday",4.12,1
55,"Rock","Mski","Saturday",4.01,10
49,"Rock","Mski","Friday",4.12,8
87,"Techno","Rohit","Thursday",1.04,1
67,"Techno","Alex","Friday",3.95,10
36,"Salsa","Carol","Friday",2.93,5
32,"HipHop","Blue","Friday",4.46,9
58,"HipHop","Carol","Friday",3.58,4
49,"Jazz","Blue","Thursday",2.44,1
80,"Techno","Ania","Thursday",3.21,6
39,"HipHop","Rohit","Thursday",2.64,5
12,"Salsa","Blue","Friday",4.39,7
95,"Salsa","Rohit","Saturday",4.17,8
98,"HipHop","Alex","Saturday",4,6
51,"Rock","Ania","Friday",1.55,2
52,"Salsa","Alex","Friday",2.72,5
65,"Techno","Carol","Friday",2.79,9
25,"Techno","Rohit","Saturday",1.943422503,1
29,"HipHop","Ania","Friday",4.35,9
51,"Techno","Blue","Saturday",4.0192,1
94,"HipHop","Rohit","Friday",5.130729905,8
38,"Salsa","Carol","Thursday",4.12,7
17,"Rock","Ania","Saturday",1.84,2
54,"HipHop","Mski","Friday",3.685,7
97,"Techno","Alex","Saturday",4.37,9
11,"Rock","Mski","Thursday",4.36,7
69,"Techno","Blue","Saturday",4.3724,7
89,"Jazz","Ania","Saturday",4.63,4
55,"Techno","Carol","Friday",4.84,6
16,"Salsa","Blue","Saturday",3.47,2
15,"Rock","Blue","Saturday",2.33,6
21,"Salsa","Blue","Friday",2.48,9
90,"Techno","Ania","Friday",2.68,9
22,"Rock","Alex","Saturday",2.98,7
98,"Salsa","Ania","Friday",4.34,9
14,"Techno","Rohit","Saturday",4.76,6
74,"HipHop","Carol","Thursday",5.258437777,8
14,"Rock","Rohit","Friday",2.809583106,5
16,"HipHop","Rohit","Saturday",2.1,6
97,"Jazz","Ania","Friday",4.81,5
63,"Techno","Carol","Saturday",3.87,2
73,"Techno","Blue","Thursday",4.459,6
33,"Techno","Alex","Friday",1.23,5
29,"Salsa","Alex","Saturday",1.31,5
40,"Salsa","Rohit","Friday",2.42,1
57,"Rock","Carol","Friday",4.08,5
93,"Rock","Carol","Saturday",3.35,5
96,"Jazz","Mski","Friday",2.71,5
91,"HipHop","Alex","Saturday",2.21,9
87,"Rock","Blue","Friday",2.14,3
36,"Jazz","Mski","Thursday",4.07,6
75,"Rock","Alex","Friday",1.87,2
31,"Jazz","Carol","Thursday",4.390682522,7
64,"Techno","Rohit","Saturday",3.37,9
78,"Techno","Ania","Friday",3.03,3
98,"Salsa","Rohit","Saturday",4.09,9
83,"HipHop","Ania","Friday",4.76,6
82,"Jazz","Blue","Friday",3.28,7
84,"HipHop","Alex","Friday",4.67,2
83,"Rock","Rohit","Thursday",3.57,9
26,"Techno","Alex","Saturday",4.37,10
26,"Rock","Rohit","Saturday",2.484807592,9
50,"HipHop","Rohit","Thursday",1.55,3
76,"Techno","Mski","Saturday",3.89,1
11,"HipHop","Rohit","Friday",4.11,6
83,"Jazz","Mski","Thursday",4.343902334,8
33,"Techno","Mski","Saturday",4.36,5
69,"HipHop","Alex","Friday",1.53,1
83,"Jazz","Rohit","Friday",3.13,10
88,"Salsa","Carol","Saturday",3.72,7
53,"Salsa","Mski","Thursday",4.13,2
70,"Salsa","Blue","Thursday",3.25,9
31,"HipHop","Blue","Thursday",2.06,3
29,"Salsa","Carol","Friday",4.02,5
23,"HipHop","Ania","Friday",4.037239442,4
59,"Techno","Ania","Saturday",3.34,7
27,"Techno","Blue","Saturday",3.538,1
56,"HipHop","Mski","Thursday",3.799,9
29,"Salsa","Ania","Thursday",4.89,10
67,"HipHop","Rohit","Friday",4.58,5
37,"Rock","Alex","Friday",4.34,3
34,"HipHop","Mski","Saturday",1.6655,1
91,"Jazz","Alex","Thursday",3.16,7
97,"Jazz","Mski","Thursday",4.61,1
95,"Techno","Mski","Friday",4.67,6
11,"Salsa","Blue","Thursday",2.35,3
87,"HipHop","Ania","Friday",2.12,7
24,"Jazz","Blue","Saturday",4.95,4
98,"Techno","Blue","Thursday",4.9452,8
21,"HipHop","Carol","Saturday",1.05,4
77,"Jazz","Ania","Saturday",3.95,3
52,"Salsa","Rohit","Thursday",3.38,3
95,"Techno","Carol","Friday",2.37,3
39,"Techno","Ania","Saturday",4.18,7
11,"Jazz","Rohit","Thursday",3.31,7
78,"Techno","Carol","Thursday",1.66,3
73,"Salsa","Blue","Saturday",2.36,1
38,"Rock","Alex","Friday",2.31,8
16,"Techno","Alex","Thursday",2.55,1
45,"Techno","Ania","Friday",3.02,8
38,"Jazz","Blue","Thursday",1.75,4
88,"HipHop","Rohit","Friday",3.5,1
96,"Techno","Alex","Thursday",2.85,10
94,"Jazz","Mski","Friday",2.78,9
47,"Rock","Rohit","Saturday",4.66,10
72,"Salsa","Rohit","Saturday",3.41,1
95,"Jazz","Carol","Friday",2.26,2
90,"Techno","Carol","Thursday",2.49,6
62,"Rock","Mski","Friday",4.5,8
68,"Jazz","Alex","Saturday",3.15,5
27,"Rock","Carol","Saturday",3.92,9
28,"Techno","Blue","Saturday",4.5464,7
88,"HipHop","Carol","Friday",2.55,7
40,"Techno","Alex","Thursday",4.69,6
25,"Salsa","Mski","Friday",4.9,4
93,"Rock","Carol","Friday",3.69,3
61,"Techno","Carol","Friday",4.376103324,7
82,"Salsa","Blue","Friday",2.27,3
92,"Techno","Alex","Friday",4.17,6
44,"HipHop","Blue","Thursday",4.45,10
64,"Salsa","Alex","Saturday",2.6,1
84,"Salsa","Mski","Thursday",4.51,10
57,"Salsa","Ania","Thursday",4.71,9
71,"HipHop","Rohit","Saturday",1.47,1
23,"Rock","Carol","Friday",2.47,3
78,"Techno","Mski","Saturday",4.81,8
42,"Techno","Carol","Saturday",4.97,8
99,"Techno","Rohit","Saturday",2.77,3
100,"Rock","Rohit","Friday",2.02,5
18,"Salsa","Rohit","Thursday",4.2,2
32,"Techno","Rohit","Thursday",1.992645036,1
23,"HipHop","Mski","Thursday",2.149,6
40,"Rock","Rohit","Thursday",3.45,9
73,"Salsa","Alex","Friday",3.95,4
64,"HipHop","Carol","Friday",2.12,9
83,"Rock","Rohit","Friday",2.98,1
40,"Jazz","Alex","Friday",3.76,10
95,"Jazz","Blue","Saturday",2.31,3
97,"HipHop","Blue","Saturday",3.19,2
80,"Salsa","Mski","Saturday",4.64,5
46,"HipHop","Mski","Friday",2.466253919,5
23,"Techno","Blue","Thursday",3.4454,1
19,"Salsa","Blue","Thursday",1.54,3
68,"HipHop","Mski","Thursday",3.3695,1
50,"Jazz","Blue","Friday",2.18,6
72,"HipHop","Rohit","Thursday",2.66,6
47,"HipHop","Mski","Thursday",3.3015,10
35,"Rock","Rohit","Thursday",4.51,10
62,"HipHop","Alex","Thursday",4.78,10
16,"HipHop","Rohit","Thursday",3.523328112,1
30,"Jazz","Ania","Thursday",2.7,3
23,"Techno","Blue","Friday",4.4544,8
63,"Rock","Mski","Thursday",2.49,7
88,"Salsa","Ania","Saturday",4.8,10
35,"Techno","Alex","Thursday",2.16,3
82,"Rock","Ania","Friday",3.14,1
42,"Rock","Blue","Thursday",3.83,3
66,"Jazz","Alex","Friday",4.96,6
46,"Rock","Ania","Thursday",2.42,9
27,"Techno","Blue","Saturday",3.5228,2
31,"Techno","Alex","Saturday",3.91,7
25,"Rock","Ania","Friday",4.16,10
68,"Rock","Carol","Friday",1.67,4
40,"Rock","Ania","Thursday",4.79,7
84,"Techno","Alex","Thursday",3.99,10
59,"Techno","Mski","Friday",4.87,6
94,"Salsa","Carol","Friday",4.16,6
25,"HipHop","Ania","Friday",4.11,6
47,"Rock","Carol","Thursday",4.12,2
69,"Salsa","Blue","Saturday",4.78,10
93,"Rock","Rohit","Thursday",3.76,2
93,"Jazz","Carol","Saturday",4.04,2
68,"Techno","Carol","Saturday",1.53,3
83,"Techno","Carol","Thursday",4.15,8
60,"Techno","Rohit","Saturday",1.27,4
64,"Salsa","Blue","Saturday",4.77,9
32,"HipHop","Mski","Friday",1.593,2
39,"HipHop","Blue","Saturday",4.75,6
87,"Rock","Alex","Saturday",3.91,5
51,"Rock","Blue","Thursday",4.54,10
47,"HipHop","Ania","Thursday",3.23,3
36,"Rock","Blue","Friday",2.21,4
25,"Jazz","Ania","Thursday",3.93,4
15,"Jazz","Blue","Thursday",1.62,3
51,"Techno","Carol","Friday",4.23,6
74,"HipHop","Blue","Saturday",4.15,6
19,"Rock","Rohit","Saturday",4.46,6
61,"HipHop","Ania","Friday",4.12,8
74,"HipHop","Blue","Saturday",3.49,1
20,"Jazz","Rohit","Saturday",1.31,2
93,"Rock","Carol","Thursday",2.48,5
54,"Jazz","Rohit","Friday",1.92,5
69,"Jazz","Blue","Friday",3.680226318,4
36,"HipHop","Ania","Friday",5.020211989,7
25,"Techno","Rohit","Saturday",3.41,3
55,"HipHop","Ania","Saturday",2.86,3
19,"Rock","Rohit","Saturday",1.2,4
44,"Jazz","Blue","Friday",3.47,8
13,"Rock","Blue","Saturday",2.14,3
68,"Techno","Mski","Saturday",4.61,6
12,"Rock","Rohit","Saturday",2.44,7
96,"Techno","Carol","Friday",3,4
77,"HipHop","Rohit","Thursday",3.13,3
28,"Jazz","Carol","Friday",2.35,7
70,"Rock","Carol","Friday",2.37,8
69,"Jazz","Rohit","Friday",4.79,6
100,"Rock","Rohit","Saturday",4.1,5
32,"HipHop","Alex","Saturday",3.45,2
16,"HipHop","Ania","Thursday",3.82,3
23,"HipHop","Rohit","Thursday",4.51,9
54,"HipHop","Carol","Saturday",4.71,10
81,"HipHop","Mski","Saturday",4.049,7
35,"HipHop","Carol","Thursday",4.04,6
46,"Jazz","Carol","Friday",3.35207807,6
18,"Rock","Mski","Friday",1.83,4
32,"Jazz","Mski","Saturday",4.63,5
23,"Techno","Rohit","Thursday",4.96,8
17,"Rock","Alex","Saturday",3.63,10
18,"Jazz","Ania","Saturday",4.59,6
54,"Rock","Alex","Friday",4.07,4
31,"Jazz","Rohit","Thursday",2.97,10
94,"HipHop","Carol","Thursday",3.38,6
85,"Jazz","Blue","Thursday",3.99,2
38,"HipHop","Carol","Friday",3.48,5
41,"HipHop","Rohit","Friday",3.84,3
65,"HipHop","Carol","Saturday",4.26,6
64,"Jazz","Carol","Friday",3.87,9
86,"Techno","Alex","Saturday",1.19,5
77,"Jazz","Rohit","Saturday",2.37,8
80,"Jazz","Mski","Friday",3.31,3
61,"Salsa","Blue","Thursday",4.7,10
34,"Jazz","Mski","Thursday",2.06,6
49,"Rock","Alex","Thursday",1.32,3
13,"HipHop","Blue","Friday",2.43,7
20,"Techno","Alex","Thursday",3.84,7
70,"Salsa","Rohit","Saturday",2.03,1
76,"Jazz","Ania","Friday",4.71,9
12,"Jazz","Alex","Friday",1.56,1
63,"Salsa","Carol","Saturday",3.74,10
53,"Jazz","Ania","Saturday",4.05,2
97,"Rock","Mski","Saturday",4.61,2
37,"Techno","Ania","Thursday",4.21,5
38,"Techno","Carol","Friday",2.3,9
37,"Rock","Ania","Thursday",1.05,4
34,"Salsa","Carol","Saturday",2.72,1
91,"Jazz","Blue","Friday",1.84,4
23,"HipHop","Rohit","Thursday",4.48,10
86,"Jazz","Alex","Friday",3.93,9
70,"HipHop","Rohit","Friday",1.74,1
70,"Salsa","Alex","Thursday",2.59,1
74,"HipHop","Rohit","Saturday",5.173070031,5
37,"Jazz","Alex","Saturday",3,4
50,"Salsa","Rohit","Thursday",4.75,8
71,"Rock","Mski","Saturday",2.62,6
97,"Rock","Blue","Thursday",1.51,3
86,"Salsa","Ania","Thursday",4.65,9
11,"Rock","Ania","Thursday",1.35,3
32,"Rock","Alex","Thursday",3.94,8
52,"Salsa","Blue","Friday",3.91,7
31,"HipHop","Carol","Saturday",4.35,2
93,"Rock","Carol","Thursday",2.43,8
20,"Salsa","Carol","Saturday",2.04,4
87,"Jazz","Ania","Friday",4.6,6
63,"HipHop","Mski","Friday",4.1305,7
86,"Salsa","Rohit","Saturday",3.39,7
82,"Jazz","Mski","Saturday",2.71,9
20,"Jazz","Carol","Thursday",3.06,5
26,"Jazz","Mski","Friday",4.8,3
64,"Rock","Blue","Saturday",4.69,1
69,"Rock","Ania","Friday",2.32,7
94,"Jazz","Alex","Saturday",2.35,6
17,"Rock","Alex","Saturday",3.22,9
62,"Techno","Alex","Saturday",2.14,6
15,"HipHop","Mski","Thursday",1.721,9
100,"Jazz","Mski","Thursday",3.31,5
88,"Salsa","Carol","Saturday",4.44,6
100,"HipHop","Rohit","Saturday",3.93,2
15,"Techno","Rohit","Friday",4.24,4
15,"Rock","Blue","Thursday",4.33,5
36,"Jazz","Alex","Thursday",3.6,3
65,"HipHop","Mski","Thursday",4.223,7
14,"HipHop","Rohit","Thursday",3.64,4
64,"HipHop","Ania","Saturday",3.32,6
92,"Salsa","Blue","Friday",2.96,5
50,"Techno","Rohit","Thursday",4.76,7
65,"Jazz","Ania","Friday",3.57,4
19,"Salsa","Carol","Friday",3.53,9
97,"HipHop","Blue","Friday",4.99,10
99,"Rock","Ania","Saturday",3.93,2
99,"Jazz","Carol","Thursday",4.668065538,2
80,"Rock","Rohit","Saturday",1.36,4
63,"Rock","Blue","Saturday",3.88,4
79,"Jazz","Mski","Thursday",4.75,2
38,"Jazz","Alex","Friday",4.24,9
58,"Techno","Rohit","Saturday",4.48,1
65,"Rock","Rohit","Thursday",3.8,8
72,"Jazz","Ania","Friday",2.22,7
75,"Salsa","Ania","Friday",4.38,8
56,"HipHop","Alex","Saturday",3.34,5
47,"HipHop","Alex","Thursday",2.02,9
68,"Techno","Blue","Friday",4.3416,2
70,"Techno","Carol","Friday",4.67,9
23,"Jazz","Mski","Saturday",1.78,4
49,"Rock","Rohit","Friday",4.01,6
32,"Techno","Carol","Saturday",3.98,9
33,"HipHop","Carol","Friday",2.87,9
96,"Salsa","Ania","Saturday",3.65,7
20,"Salsa","Mski","Saturday",4.31,10
92,"Jazz","Rohit","Thursday",2.81,2
23,"Rock","Mski","Saturday",4.75,8
70,"Salsa","Alex","Saturday",1,4
95,"Jazz","Rohit","Saturday",1.08,5
50,"Salsa","Rohit","Friday",3.64,4
71,"Techno","Ania","Saturday",2.55,4
59,"Salsa","Alex","Thursday",1.42,5
40,"Jazz","Alex","Friday",4.2,8
70,"Jazz","Ania","Thursday",2.35,2
91,"HipHop","Blue","Thursday",3.52,10
62,"Rock","Mski","Friday",4.8,9
25,"Jazz","Blue","Saturday",4.762563541,8
58,"Salsa","Ania","Thursday",3.84,8
85,"Jazz","Mski","Thursday",2.01,6
19,"Salsa","Alex","Friday",3.26,6
88,"Techno","Carol","Thursday",4.36,3
93,"Jazz","Mski","Thursday",3.78,4
91,"Jazz","Rohit","Friday",1.481238855,4
11,"Jazz","Mski","Thursday",2.55,10
39,"Jazz","Mski","Friday",1.21,2
41,"HipHop","Alex","Friday",2.58,3
34,"HipHop","Rohit","Friday",4.69,4
11,"Techno","Mski","Friday",1.29,4
23,"Jazz","Rohit","Saturday",3.72,4
44,"Jazz","Blue","Saturday",1.159777808,5
73,"Rock","Alex","Saturday",4.82,1
53,"Salsa","Rohit","Saturday",3.26,1
94,"Salsa","Rohit","Friday",2.08,7
96,"Salsa","Blue","Saturday",2.44,4
39,"Jazz","Rohit","Friday",2.39,5
65,"Techno","Mski","Friday",3.86,10
24,"Rock","Mski","Saturday",4.92,7
65,"Salsa","Alex","Friday",4,2
24,"Salsa","Mski","Friday",4.95,9
49,"Salsa","Alex","Saturday",3.58,1
60,"Jazz","Blue","Friday",4.36,2
20,"HipHop","Rohit","Saturday",3.59,9
77,"Salsa","Blue","Friday",2.47,4
14,"Jazz","Rohit","Thursday",3.3,3
12,"HipHop","Alex","Friday",1.81,2
41,"Rock","Ania","Friday",4.56,6
25,"Rock","Alex","Saturday",4.23,7
96,"Rock","Ania","Friday",2.95,3
22,"Jazz","Carol","Friday",2.79561713,10
86,"Jazz","Blue","Thursday",2.8,7
23,"HipHop","Blue","Friday",4.45,1
92,"HipHop","Alex","Friday",1.57,4
75,"HipHop","Mski","Saturday",4.7265,7
46,"Salsa","Mski","Thursday",4.12,10
57,"Techno","Rohit","Thursday",2.011166959,6
34,"Jazz","Alex","Saturday",2.51,1
29,"Rock","Carol","Friday",1.51,2
53,"HipHop","Carol","Friday",4.97,6
54,"Techno","Ania","Friday",2.928710129,8
62,"Techno","Alex","Friday",3.24,6
43,"Techno","Carol","Thursday",4.295227889,5
18,"Rock","Carol","Friday",2.02,9
34,"Salsa","Alex","Saturday",4.58,1
69,"Salsa","Rohit","Friday",4.22,1
29,"Salsa","Alex","Thursday",4.23,10
98,"Rock","Mski","Friday",2.53,4
66,"Rock","Rohit","Friday",2.08,6
41,"Salsa","Mski","Saturday",4.3,3
68,"Techno","Alex","Friday",3.78,8
16,"Rock","Ania","Saturday",3.31,7
68,"HipHop","Ania","Friday",4.99,2
19,"Rock","Rohit","Thursday",4.28,7
67,"HipHop","Rohit","Saturday",3.88,9
91,"Jazz","Ania","Saturday",2.05,3
27,"Jazz","Carol","Saturday",3.65,4
70,"Techno","Ania","Thursday",4.22,8
17,"Salsa","Alex","Thursday",2.11,3
36,"Rock","Blue","Saturday",1,4
69,"Techno","Carol","Thursday",2.61,6
36,"Techno","Alex","Saturday",3.05,10
98,"Salsa","Mski","Saturday",4.31,7
17,"Jazz","Mski","Thursday",4.28,7
94,"Rock","Mski","Thursday",3.21,10
27,"Rock","Carol","Saturday",4.12,1
57,"Techno","Alex","Saturday",2.58,2
27,"Jazz","Blue","Friday",4.51,9
67,"Jazz","Rohit","Thursday",4.3,3
59,"HipHop","Mski","Saturday",3.9265,6
79,"Techno","Rohit","Saturday",2.59945508,2
42,"Salsa","Mski","Friday",2.48,3
62,"Jazz","Mski","Thursday",4.79,2
76,"Rock","Blue","Friday",2.43,4
75,"Techno","Rohit","Saturday",3.65,7
82,"Rock","Blue","Friday",3.97,10
14,"Rock","Alex","Friday",4.02,6
68,"Salsa","Ania","Thursday",4,6
96,"Salsa","Alex","Friday",3.74,10
53,"Jazz","Ania","Saturday",3.03,4
99,"HipHop","Rohit","Friday",1.14,3
22,"Salsa","Blue","Thursday",2.28,1
29,"Salsa","Blue","Saturday",1.13,4
22,"Rock","Rohit","Thursday",3.08,5
42,"Jazz","Carol","Saturday",3.911105885,10
79,"HipHop","Ania","Saturday",4.15,7
82,"HipHop","Ania","Friday",4.92,10
46,"Techno","Alex","Saturday",1.95,4
18,"Rock","Mski","Friday",4.73,7
93,"Salsa","Mski","Friday",4.16,6
48,"Techno","Blue","Saturday",3.9542,2
25,"Jazz","Mski","Thursday",2.04,8
44,"Rock","Alex","Thursday",2,4
58,"Techno","Alex","Thursday",3.9,8
86,"Rock","Carol","Saturday",3.76,10
67,"HipHop","Alex","Thursday",3.15,8
40,"Rock","Blue","Thursday",1.63,1
61,"HipHop","Mski","Thursday",3.009,3
98,"Jazz","Mski","Thursday",4.53,7
34,"Techno","Ania","Saturday",3.93,3
28,"HipHop","Alex","Friday",4.915878799,9
47,"Salsa","Ania","Friday",4.57,10
75,"Techno","Ania","Saturday",2.33,10
32,"Salsa","Ania","Saturday",2.22,5
18,"Salsa","Mski","Thursday",4.81,10
77,"Jazz","Rohit","Friday",4.95,9
100,"Salsa","Blue","Friday",2.36,1
78,"Salsa","Rohit","Friday",3.72,9
47,"HipHop","Alex","Friday",2.26,5
94,"HipHop","Blue","Thursday",4.6,8
29,"Techno","Blue","Friday",4.5798,8
26,"Rock","Alex","Saturday",3.860481375,1
40,"Jazz","Blue","Saturday",3.36,6
74,"Rock","Ania","Thursday",4.34,4
93,"HipHop","Blue","Friday",3.42,6
60,"HipHop","Carol","Saturday",2.69,1
27,"Techno","Mski","Saturday",3.03,6
12,"HipHop","Carol","Friday",4.84,9
67,"Jazz","Alex","Thursday",3.95,4
50,"Jazz","Ania","Saturday",3.42,1
74,"Salsa","Rohit","Thursday",3.85,7
25,"Jazz","Ania","Thursday",4.11,10
72,"Techno","Mski","Saturday",4.12,8
57,"Rock","Ania","Thursday",3.37,6
23,"HipHop","Carol","Saturday",3.33,7
90,"HipHop","Alex","Saturday",4.7,10
33,"Salsa","Blue","Saturday",4.28,9
20,"Salsa","Carol","Saturday",2.8,10
80,"Techno","Carol","Saturday",2.55,3
28,"Jazz","Blue","Saturday",4.68,9
62,"Jazz","Blue","Saturday",3.83,1
